data_series,algorithm_type,reputation_score,metric_score(FScore(2.0)),configuration
CPU User Processes#PLAIN#CENTOS§SPS§1.0§0.28951418951418956§pdv=0.9999&pos=0.9999&pov=0.9999&dweight=0&m=30&pds=0.9999&n=30&
(Tcp_Close#PLAIN#UNIX_NETWORK)/(Tcp_Established#PLAIN#UNIX_NETWORK)#PLAIN#COMPOSITION§HIST§1.0§0.26584739071465285§interval_width=0.5&
(Tcp_Close#PLAIN#UNIX_NETWORK)/(Tcp_Established#PLAIN#UNIX_NETWORK)#DIFFERENCE#COMPOSITION§HIST§1.0§0.26584739071465285§interval_width=0.5&
(Tcp_Close#DIFFERENCE#UNIX_NETWORK)/(Tcp_Established#DIFFERENCE#UNIX_NETWORK)#DIFFERENCE#COMPOSITION§HIST§1.0§0.26584739071465285§interval_width=0.5&
(Tcp_TimeWait#DIFFERENCE#UNIX_NETWORK)/(SystemCpuLoad#DIFFERENCE#JVM)#PLAIN#COMPOSITION§HIST§1.0§0.2285771211332695§interval_width=0.5&
(Tcp_TimeWait#DIFFERENCE#UNIX_NETWORK)/(SystemCpuLoad#DIFFERENCE#JVM)#DIFFERENCE#COMPOSITION§HIST§1.0§0.222336235253855§interval_width=0.5&
(Tcp_TimeWait#PLAIN#UNIX_NETWORK)/(SystemCpuLoad#PLAIN#JVM)#PLAIN#COMPOSITION§HIST§1.0§0.222336235253855§interval_width=0.5&
(Tcp_TimeWait#PLAIN#UNIX_NETWORK)/(SystemCpuLoad#PLAIN#JVM)#DIFFERENCE#COMPOSITION§HIST§1.0§0.222336235253855§interval_width=0.5&
(Tcp_Syn#PLAIN#UNIX_NETWORK)-(Buffers#PLAIN#CENTOS)#PLAIN#COMPOSITION§SPS§1.0§0.19801861015311306§pdv=0.9999&pos=0.9999&pov=0.9999&dweight=1&m=10&pds=0.9999&n=10&
(Tcp_Syn#PLAIN#UNIX_NETWORK)/(Buffers#PLAIN#CENTOS)#PLAIN#COMPOSITION§SPS§1.0§0.1978975740843646§pdv=0.9999&pos=0.9999&pov=0.9999&dweight=1&m=10&pds=0.9999&n=10&
Tcp_Syn#PLAIN#UNIX_NETWORK§SPS§1.0§0.19778927865443174§pdv=0.9999&pos=0.9999&pov=0.9999&dweight=1&m=10&pds=0.9999&n=10&
(Tcp_Syn#PLAIN#UNIX_NETWORK)+(Buffers#PLAIN#CENTOS)#PLAIN#COMPOSITION§SPS§1.0§0.19766824258568325§pdv=0.9999&pos=0.9999&pov=0.9999&dweight=1&m=10&pds=0.9999&n=10&
HeapMemoryUsage.committed#DIFFERENCE#JVM§SPS§1.0§0.18273074661963554§pdv=0.9999&pos=0.9999&pov=0.9999&dweight=0&m=10&pds=0.9999&n=10&
(HeapMemoryUsage.committed#DIFFERENCE#JVM)+(NonHeapMemoryUsage.committed#DIFFERENCE#JVM)#PLAIN#COMPOSITION§SPS§1.0§0.18273074661963554§pdv=0.9999&pos=0.9999&pov=0.9999&dweight=0&m=10&pds=0.9999&n=10&
(HeapMemoryUsage.committed#DIFFERENCE#JVM)-(NonHeapMemoryUsage.committed#DIFFERENCE#JVM)#PLAIN#COMPOSITION§SPS§1.0§0.18273074661963554§pdv=0.9999&pos=0.9999&pov=0.9999&dweight=0&m=10&pds=0.9999&n=10&
(HeapMemoryUsage.committed#DIFFERENCE#JVM)+(NonHeapMemoryUsage.committed#DIFFERENCE#JVM)#DIFFERENCE#COMPOSITION§SPS§1.0§0.18273074661963554§pdv=0.9999&pos=0.9999&pov=0.9999&dweight=0&m=10&pds=0.9999&n=10&
(HeapMemoryUsage.committed#DIFFERENCE#JVM)-(NonHeapMemoryUsage.committed#DIFFERENCE#JVM)#DIFFERENCE#COMPOSITION§SPS§1.0§0.18273074661963554§pdv=0.9999&pos=0.9999&pov=0.9999&dweight=0&m=10&pds=0.9999&n=10&
(HeapMemoryUsage.committed#DIFFERENCE#JVM)/(NonHeapMemoryUsage.committed#DIFFERENCE#JVM)#DIFFERENCE#COMPOSITION§SPS§1.0§0.18273074661963554§pdv=0.9999&pos=0.9999&pov=0.9999&dweight=0&m=10&pds=0.9999&n=10&
(HeapMemoryUsage.committed#PLAIN#JVM)+(NonHeapMemoryUsage.committed#PLAIN#JVM)#DIFFERENCE#COMPOSITION§SPS§1.0§0.18273074661963554§pdv=0.9999&pos=0.9999&pov=0.9999&dweight=0&m=10&pds=0.9999&n=10&
(HeapMemoryUsage.committed#PLAIN#JVM)-(NonHeapMemoryUsage.committed#PLAIN#JVM)#DIFFERENCE#COMPOSITION§SPS§1.0§0.18273074661963554§pdv=0.9999&pos=0.9999&pov=0.9999&dweight=0&m=10&pds=0.9999&n=10&
(HeapMemoryUsage.committed#PLAIN#JVM)/(NonHeapMemoryUsage.committed#PLAIN#JVM)#DIFFERENCE#COMPOSITION§SPS§1.0§0.18273074661963554§pdv=0.9999&pos=0.9999&pov=0.9999&dweight=0&m=10&pds=0.9999&n=10&
Tcp_Syn#DIFFERENCE#UNIX_NETWORK§SPS§1.0§0.18078850331658403§pdv=0.9999&pos=0.9999&pov=0.9999&dweight=1&m=10&pds=0.9999&n=10&
(Tcp_Syn#PLAIN#UNIX_NETWORK)-(Buffers#PLAIN#CENTOS)#DIFFERENCE#COMPOSITION§SPS§1.0§0.18078850331658403§pdv=0.9999&pos=0.9999&pov=0.9999&dweight=1&m=10&pds=0.9999&n=10&
(Tcp_Syn#PLAIN#UNIX_NETWORK)/(Buffers#PLAIN#CENTOS)#DIFFERENCE#COMPOSITION§SPS§1.0§0.18078850331658403§pdv=0.9999&pos=0.9999&pov=0.9999&dweight=1&m=10&pds=0.9999&n=10&
(Tcp_Syn#DIFFERENCE#UNIX_NETWORK)-(Buffers#DIFFERENCE#CENTOS)#PLAIN#COMPOSITION§SPS§1.0§0.18078850331658403§pdv=0.9999&pos=0.9999&pov=0.9999&dweight=1&m=10&pds=0.9999&n=10&
(Tcp_Syn#DIFFERENCE#UNIX_NETWORK)-(Buffers#DIFFERENCE#CENTOS)#DIFFERENCE#COMPOSITION§SPS§1.0§0.18078850331658403§pdv=0.9999&pos=0.9999&pov=0.9999&dweight=1&m=10&pds=0.9999&n=10&
(Tcp_Syn#DIFFERENCE#UNIX_NETWORK)/(Buffers#DIFFERENCE#CENTOS)#DIFFERENCE#COMPOSITION§SPS§1.0§0.18078850331658403§pdv=0.9999&pos=0.9999&pov=0.9999&dweight=1&m=10&pds=0.9999&n=10&
(Tcp_Syn#PLAIN#UNIX_NETWORK)+(Buffers#PLAIN#CENTOS)#DIFFERENCE#COMPOSITION§SPS§1.0§0.18068020788665118§pdv=0.9999&pos=0.9999&pov=0.9999&dweight=1&m=10&pds=0.9999&n=10&
(Tcp_Syn#DIFFERENCE#UNIX_NETWORK)+(Buffers#DIFFERENCE#CENTOS)#PLAIN#COMPOSITION§SPS§1.0§0.18068020788665118§pdv=0.9999&pos=0.9999&pov=0.9999&dweight=1&m=10&pds=0.9999&n=10&
(Tcp_Syn#DIFFERENCE#UNIX_NETWORK)+(Buffers#DIFFERENCE#CENTOS)#DIFFERENCE#COMPOSITION§SPS§1.0§0.18068020788665118§pdv=0.9999&pos=0.9999&pov=0.9999&dweight=1&m=10&pds=0.9999&n=10&
CPU Kernel Processes#PLAIN#CENTOS§SPS§1.0§0.17776934999157223§pdv=0.999&pos=0.999&pov=0.999&dweight=1&m=20&pds=0.999&n=20&
SystemCpuLoad#DIFFERENCE#JVM§SPS§1.0§0.17581492533071186§pdv=0.99&pos=0.99&pov=0.99&dweight=1&m=40&pds=0.99&n=40&
(SystemCpuLoad#PLAIN#JVM)+(ProcessCpuLoad#PLAIN#JVM)#DIFFERENCE#COMPOSITION§SPS§1.0§0.17521480083829585§pdv=0.99&pos=0.99&pov=0.99&dweight=1&m=40&pds=0.99&n=40&
(SystemCpuLoad#DIFFERENCE#JVM)+(ProcessCpuLoad#DIFFERENCE#JVM)#PLAIN#COMPOSITION§SPS§1.0§0.17521480083829585§pdv=0.99&pos=0.99&pov=0.99&dweight=1&m=40&pds=0.99&n=40&
(SystemCpuLoad#DIFFERENCE#JVM)+(ProcessCpuLoad#DIFFERENCE#JVM)#DIFFERENCE#COMPOSITION§SPS§1.0§0.17521480083829585§pdv=0.99&pos=0.99&pov=0.99&dweight=1&m=40&pds=0.99&n=40&
(Tcp_TimeWait#PLAIN#UNIX_NETWORK)-(SystemCpuLoad#PLAIN#JVM)#PLAIN#COMPOSITION§HIST§1.0§0.17447458827541065§interval_width=2.5&
(Tcp_TimeWait#DIFFERENCE#UNIX_NETWORK)+(SystemCpuLoad#DIFFERENCE#JVM)#PLAIN#COMPOSITION§SPS§1.0§0.17325381796916023§pdv=0.99&pos=0.99&pov=0.99&dweight=1&m=40&pds=0.99&n=40&
(Tcp_TimeWait#DIFFERENCE#UNIX_NETWORK)+(SystemCpuLoad#DIFFERENCE#JVM)#DIFFERENCE#COMPOSITION§SPS§1.0§0.17325381796916023§pdv=0.99&pos=0.99&pov=0.99&dweight=1&m=40&pds=0.99&n=40&
(Tcp_TimeWait#PLAIN#UNIX_NETWORK)+(SystemCpuLoad#PLAIN#JVM)#DIFFERENCE#COMPOSITION§SPS§1.0§0.17325381796916023§pdv=0.99&pos=0.99&pov=0.99&dweight=1&m=40&pds=0.99&n=40&
(SystemCpuLoad#PLAIN#JVM)-(ProcessCpuLoad#PLAIN#JVM)#DIFFERENCE#COMPOSITION§SPS§1.0§0.17236526961497423§pdv=0.99&pos=0.99&pov=0.99&dweight=1&m=40&pds=0.99&n=40&
(SystemCpuLoad#DIFFERENCE#JVM)-(ProcessCpuLoad#DIFFERENCE#JVM)#PLAIN#COMPOSITION§SPS§1.0§0.17236526961497423§pdv=0.99&pos=0.99&pov=0.99&dweight=1&m=40&pds=0.99&n=40&
(SystemCpuLoad#DIFFERENCE#JVM)-(ProcessCpuLoad#DIFFERENCE#JVM)#DIFFERENCE#COMPOSITION§SPS§1.0§0.17236526961497423§pdv=0.99&pos=0.99&pov=0.99&dweight=1&m=40&pds=0.99&n=40&
(Tcp_TimeWait#DIFFERENCE#UNIX_NETWORK)-(SystemCpuLoad#DIFFERENCE#JVM)#PLAIN#COMPOSITION§SPS§1.0§0.16392415427073145§pdv=0.99&pos=0.99&pov=0.99&dweight=1&m=40&pds=0.99&n=40&
(Tcp_TimeWait#DIFFERENCE#UNIX_NETWORK)-(SystemCpuLoad#DIFFERENCE#JVM)#DIFFERENCE#COMPOSITION§SPS§1.0§0.16392415427073145§pdv=0.99&pos=0.99&pov=0.99&dweight=1&m=40&pds=0.99&n=40&
(Tcp_TimeWait#PLAIN#UNIX_NETWORK)-(SystemCpuLoad#PLAIN#JVM)#DIFFERENCE#COMPOSITION§SPS§1.0§0.16392415427073145§pdv=0.99&pos=0.99&pov=0.99&dweight=1&m=40&pds=0.99&n=40&
CurrentThreadUserTime#DIFFERENCE#JVM§SPS§1.0§0.16315968730246194§pdv=0.99&pos=0.99&pov=0.99&dweight=1&m=40&pds=0.99&n=40&
(CurrentThreadUserTime#PLAIN#JVM)-(FreePhysicalMemorySize#PLAIN#JVM)#DIFFERENCE#COMPOSITION§SPS§1.0§0.15500318738017096§pdv=0.99&pos=0.99&pov=0.99&dweight=1&m=20&pds=0.99&n=20&
(SystemCpuLoad#DIFFERENCE#JVM)/(ProcessCpuLoad#DIFFERENCE#JVM)#PLAIN#COMPOSITION§HIST§1.0§0.15359404990529574§interval_width=0.5&
(CurrentThreadUserTime#PLAIN#JVM)+(FreePhysicalMemorySize#PLAIN#JVM)#DIFFERENCE#COMPOSITION§SPS§1.0§0.15229646522734108§pdv=0.99&pos=0.99&pov=0.99&dweight=1&m=20&pds=0.99&n=20&
(Net_Received#DIFFERENCE#UNIX_NETWORK)-(Tcp_Established#DIFFERENCE#UNIX_NETWORK)#PLAIN#COMPOSITION§HIST§1.0§0.15215726989655806§interval_width=1.0&
(Net_Received#DIFFERENCE#UNIX_NETWORK)-(Tcp_Established#DIFFERENCE#UNIX_NETWORK)#DIFFERENCE#COMPOSITION§HIST§1.0§0.15215726989655806§interval_width=1.0&
(Net_Received#PLAIN#UNIX_NETWORK)-(Tcp_Established#PLAIN#UNIX_NETWORK)#DIFFERENCE#COMPOSITION§HIST§1.0§0.15215726989655806§interval_width=1.0&
Net_Received#PLAIN#UNIX_NETWORK§HIST§1.0§0.14649340283558507§interval_width=1.5&
(Net_Received#PLAIN#UNIX_NETWORK)-(Tcp_Established#PLAIN#UNIX_NETWORK)#PLAIN#COMPOSITION§HIST§1.0§0.1455219911741696§interval_width=0.5&
(SystemCpuLoad#PLAIN#JVM)/(ProcessCpuLoad#PLAIN#JVM)#PLAIN#COMPOSITION§HIST§1.0§0.14147624295103592§interval_width=0.5&
(SystemCpuLoad#PLAIN#JVM)/(ProcessCpuLoad#PLAIN#JVM)#DIFFERENCE#COMPOSITION§HIST§1.0§0.14088102001390912§interval_width=0.5&
(SystemCpuLoad#DIFFERENCE#JVM)/(ProcessCpuLoad#DIFFERENCE#JVM)#DIFFERENCE#COMPOSITION§HIST§1.0§0.14088102001390912§interval_width=0.5&
Net_Received#DIFFERENCE#UNIX_NETWORK§HIST§1.0§0.1392990732428258§interval_width=0.5&
(Tcp_TimeWait#DIFFERENCE#UNIX_NETWORK)-(SystemCpuLoad#DIFFERENCE#JVM)#PLAIN#COMPOSITION§HIST§1.0§0.13797769311944777§interval_width=0.5&
(Tcp_TimeWait#DIFFERENCE#UNIX_NETWORK)-(SystemCpuLoad#DIFFERENCE#JVM)#DIFFERENCE#COMPOSITION§HIST§1.0§0.13797769311944777§interval_width=0.5&
(Tcp_TimeWait#PLAIN#UNIX_NETWORK)-(SystemCpuLoad#PLAIN#JVM)#DIFFERENCE#COMPOSITION§HIST§1.0§0.13797769311944777§interval_width=0.5&
(CurrentThreadCpuTime#DIFFERENCE#JVM)+(CurrentThreadUserTime#DIFFERENCE#JVM)#PLAIN#COMPOSITION§SPS§1.0§0.13662768018372123§pdv=0.99&pos=0.99&pov=0.99&dweight=1&m=20&pds=0.99&n=20&
(CurrentThreadCpuTime#DIFFERENCE#JVM)+(CurrentThreadUserTime#DIFFERENCE#JVM)#DIFFERENCE#COMPOSITION§SPS§1.0§0.13662768018372123§pdv=0.99&pos=0.99&pov=0.99&dweight=1&m=20&pds=0.99&n=20&
(CurrentThreadCpuTime#DIFFERENCE#JVM)/(CurrentThreadUserTime#DIFFERENCE#JVM)#DIFFERENCE#COMPOSITION§SPS§1.0§0.13538351695199807§pdv=0.99&pos=0.99&pov=0.99&dweight=1&m=20&pds=0.99&n=20&
(CPU Kernel Processes#DIFFERENCE#CENTOS)/(Activated Virtual Pages#DIFFERENCE#CENTOS)#DIFFERENCE#COMPOSITION§SPS§1.0§0.13382637155426977§pdv=0.9999&pos=0.9999&pov=0.9999&dweight=1&m=30&pds=0.9999&n=30&
(Net_Received#DIFFERENCE#UNIX_NETWORK)+(Tcp_Established#DIFFERENCE#UNIX_NETWORK)#PLAIN#COMPOSITION§HIST§1.0§0.13018844882827743§interval_width=0.5&
(Net_Received#DIFFERENCE#UNIX_NETWORK)+(Tcp_Established#DIFFERENCE#UNIX_NETWORK)#DIFFERENCE#COMPOSITION§HIST§1.0§0.13018844882827743§interval_width=0.5&
(Net_Received#PLAIN#UNIX_NETWORK)+(Tcp_Established#PLAIN#UNIX_NETWORK)#DIFFERENCE#COMPOSITION§HIST§1.0§0.13018844882827743§interval_width=0.5&
(CurrentThreadCpuTime#DIFFERENCE#JVM)-(CurrentThreadUserTime#DIFFERENCE#JVM)#PLAIN#COMPOSITION§SPS§1.0§0.12602212880693126§pdv=0.99&pos=0.99&pov=0.99&dweight=1&m=40&pds=0.99&n=40&
(CurrentThreadCpuTime#DIFFERENCE#JVM)-(CurrentThreadUserTime#DIFFERENCE#JVM)#DIFFERENCE#COMPOSITION§SPS§1.0§0.12602212880693126§pdv=0.99&pos=0.99&pov=0.99&dweight=1&m=40&pds=0.99&n=40&
CPU Kernel Processes#DIFFERENCE#CENTOS§SPS§1.0§0.1254683934852494§pdv=0.9999&pos=0.9999&pov=0.9999&dweight=1&m=30&pds=0.9999&n=30&
(Free Virtual Pages#PLAIN#CENTOS)+(Minor Page Faults#PLAIN#CENTOS)#PLAIN#COMPOSITION§SPS§1.0§0.1253566980844582§pdv=0.9999&pos=0.9999&pov=0.9999&dweight=1&m=10&pds=0.9999&n=10&
(Net_Received#PLAIN#UNIX_NETWORK)+(Tcp_Established#PLAIN#UNIX_NETWORK)#PLAIN#COMPOSITION§HIST§1.0§0.12419238412690993§interval_width=1.5&
(CurrentThreadUserTime#PLAIN#JVM)/(FreePhysicalMemorySize#PLAIN#JVM)#DIFFERENCE#COMPOSITION§SPS§1.0§0.12376431160611195§pdv=0.9999&pos=0.9999&pov=0.9999&dweight=1&m=10&pds=0.9999&n=10&
Free Virtual Pages#PLAIN#CENTOS§SPS§1.0§0.11634747644670435§pdv=0.9999&pos=0.9999&pov=0.9999&dweight=1&m=10&pds=0.9999&n=10&
(Free Virtual Pages#PLAIN#CENTOS)-(Minor Page Faults#PLAIN#CENTOS)#PLAIN#COMPOSITION§SPS§1.0§0.11492807641653906§pdv=0.9999&pos=0.9999&pov=0.9999&dweight=1&m=10&pds=0.9999&n=10&
(CPU Idle Processes#PLAIN#CENTOS)-(Minor Page Faults#PLAIN#CENTOS)#PLAIN#COMPOSITION§SPS§1.0§0.11340166970584763§pdv=0.9999&pos=0.9999&pov=0.9999&dweight=1&m=10&pds=0.9999&n=10&
(Free Virtual Pages#PLAIN#CENTOS)/(Minor Page Faults#PLAIN#CENTOS)#PLAIN#COMPOSITION§SPS§1.0§0.1119758126638169§pdv=0.9999&pos=0.9999&pov=0.9999&dweight=1&m=10&pds=0.9999&n=10&
(Inactive Memory#DIFFERENCE#CENTOS)+(Activated Virtual Pages#DIFFERENCE#CENTOS)#PLAIN#COMPOSITION§SPS§1.0§0.1091823800726994§pdv=0.9999&pos=0.9999&pov=0.9999&dweight=0&m=10&pds=0.9999&n=10&
(Inactive Memory#DIFFERENCE#CENTOS)+(Activated Virtual Pages#DIFFERENCE#CENTOS)#DIFFERENCE#COMPOSITION§SPS§1.0§0.1091823800726994§pdv=0.9999&pos=0.9999&pov=0.9999&dweight=0&m=10&pds=0.9999&n=10&
Inactive Files#DIFFERENCE#CENTOS§SPS§1.0§0.10831221593021975§pdv=0.9999&pos=0.9999&pov=0.9999&dweight=0&m=10&pds=0.9999&n=10&
Inactive Memory#DIFFERENCE#CENTOS§SPS§1.0§0.10815384111819228§pdv=0.9999&pos=0.9999&pov=0.9999&dweight=0&m=10&pds=0.9999&n=10&
(SystemCpuLoad#PLAIN#JVM)+(ProcessCpuLoad#PLAIN#JVM)#PLAIN#COMPOSITION§SPS§1.0§0.10678515384397744§pdv=0.99&pos=0.99&pov=0.99&dweight=1&m=40&pds=0.99&n=40&
(Tcp_TimeWait#PLAIN#UNIX_NETWORK)+(SystemCpuLoad#PLAIN#JVM)#PLAIN#COMPOSITION§SPS§1.0§0.10673822062710955§pdv=0.99&pos=0.99&pov=0.99&dweight=1&m=40&pds=0.99&n=40&
(Buffers#PLAIN#CENTOS)+(Minor Page Faults#PLAIN#CENTOS)#PLAIN#COMPOSITION§SPS§1.0§0.10657911020689097§pdv=0.9999&pos=0.9999&pov=0.9999&dweight=1&m=10&pds=0.9999&n=10&
CPU Interrupts#PLAIN#CENTOS§SPS§1.0§0.106558878262749§pdv=0.9999&pos=0.9999&pov=0.9999&dweight=1&m=20&pds=0.9999&n=20&
(Inactive Memory#DIFFERENCE#CENTOS)-(Activated Virtual Pages#DIFFERENCE#CENTOS)#PLAIN#COMPOSITION§SPS§1.0§0.1058016856692468§pdv=0.9999&pos=0.9999&pov=0.9999&dweight=1&m=20&pds=0.9999&n=20&
(Inactive Memory#DIFFERENCE#CENTOS)-(Activated Virtual Pages#DIFFERENCE#CENTOS)#DIFFERENCE#COMPOSITION§SPS§1.0§0.1058016856692468§pdv=0.9999&pos=0.9999&pov=0.9999&dweight=1&m=20&pds=0.9999&n=20&
(Buffers#PLAIN#CENTOS)-(Minor Page Faults#PLAIN#CENTOS)#PLAIN#COMPOSITION§SPS§1.0§0.10529371043644306§pdv=0.9999&pos=0.9999&pov=0.9999&dweight=1&m=10&pds=0.9999&n=10&
Minor Page Faults#PLAIN#CENTOS§SPS§1.0§0.10424214540474429§pdv=0.9999&pos=0.9999&pov=0.9999&dweight=1&m=10&pds=0.9999&n=10&
(CurrentThreadCpuTime#PLAIN#JVM)-(FreePhysicalMemorySize#PLAIN#JVM)#PLAIN#COMPOSITION§SPS§1.0§0.10416700228648863§pdv=0.9999&pos=0.9999&pov=0.9999&dweight=1&m=10&pds=0.9999&n=10&
(Active Files#PLAIN#CENTOS)+(Inactive Files#PLAIN#CENTOS)#DIFFERENCE#COMPOSITION§SPS§1.0§0.10370000424569688§pdv=0.9999&pos=0.9999&pov=0.9999&dweight=1&m=10&pds=0.9999&n=10&
(Inactive Memory#DIFFERENCE#CENTOS)/(Activated Virtual Pages#DIFFERENCE#CENTOS)#DIFFERENCE#COMPOSITION§SPS§1.0§0.101728384547399§pdv=0.9999&pos=0.9999&pov=0.9999&dweight=1&m=10&pds=0.9999&n=10&
(Tcp_TimeWait#PLAIN#UNIX_NETWORK)-(SystemCpuLoad#PLAIN#JVM)#PLAIN#COMPOSITION§SPS§1.0§0.10140426929642617§pdv=0.99&pos=0.99&pov=0.99&dweight=1&m=40&pds=0.99&n=40&
(Inactive Files#DIFFERENCE#CENTOS)/(Activated Virtual Pages#DIFFERENCE#CENTOS)#DIFFERENCE#COMPOSITION§SPS§1.0§0.1009227374126942§pdv=0.9999&pos=0.9999&pov=0.9999&dweight=1&m=10&pds=0.9999&n=10&
SystemCpuLoad#PLAIN#JVM§SPS§1.0§0.10053106237746766§pdv=0.99&pos=0.99&pov=0.99&dweight=1&m=40&pds=0.99&n=40&
(CurrentThreadCpuTime#PLAIN#JVM)+(FreePhysicalMemorySize#PLAIN#JVM)#PLAIN#COMPOSITION§SPS§1.0§0.10009732249766154§pdv=0.9999&pos=0.9999&pov=0.9999&dweight=1&m=10&pds=0.9999&n=10&
LoadedClassCount#PLAIN#JVM§HIST§1.0§0.09921829820275378§interval_width=0.5&
TotalLoadedClassCount#PLAIN#JVM§HIST§1.0§0.09921829820275378§interval_width=0.5&
(LoadedClassCount#PLAIN#JVM)+(TotalLoadedClassCount#PLAIN#JVM)#PLAIN#COMPOSITION§HIST§1.0§0.09921829820275378§interval_width=0.5&
(CurrentThreadCpuTime#PLAIN#JVM)/(FreePhysicalMemorySize#PLAIN#JVM)#PLAIN#COMPOSITION§SPS§1.0§0.09756365732621207§pdv=0.9999&pos=0.9999&pov=0.9999&dweight=1&m=10&pds=0.9999&n=10&
(CPU Idle Processes#PLAIN#CENTOS)+(Minor Page Faults#PLAIN#CENTOS)#PLAIN#COMPOSITION§SPS§1.0§0.09652310534157789§pdv=0.9999&pos=0.9999&pov=0.9999&dweight=1&m=10&pds=0.9999&n=10&
(CPU Idle Processes#DIFFERENCE#CENTOS)+(SystemCpuLoad#PLAIN#JVM)#DIFFERENCE#COMPOSITION§SPS§1.0§0.09385692725906009§pdv=0.9999&pos=0.9999&pov=0.9999&dweight=0&m=30&pds=0.9999&n=30&
(SystemCpuLoad#PLAIN#JVM)-(ProcessCpuLoad#PLAIN#JVM)#PLAIN#COMPOSITION§SPS§1.0§0.09349560811979116§pdv=0.99&pos=0.99&pov=0.99&dweight=1&m=40&pds=0.99&n=40&
(CPU Idle Processes#DIFFERENCE#CENTOS)+(SystemCpuLoad#PLAIN#JVM)#PLAIN#COMPOSITION§SPS§1.0§0.09323205890543355§pdv=0.999&pos=0.999&pov=0.999&dweight=0&m=20&pds=0.999&n=20&
HeapMemoryUsage.committed#PLAIN#JVM§SPS§1.0§0.09294532627865959§pdv=0.9999&pos=0.9999&pov=0.9999&dweight=0&m=20&pds=0.9999&n=20&
(HeapMemoryUsage.committed#PLAIN#JVM)+(NonHeapMemoryUsage.committed#PLAIN#JVM)#PLAIN#COMPOSITION§SPS§1.0§0.09294532627865959§pdv=0.9999&pos=0.9999&pov=0.9999&dweight=0&m=20&pds=0.9999&n=20&
(HeapMemoryUsage.committed#PLAIN#JVM)-(NonHeapMemoryUsage.committed#PLAIN#JVM)#PLAIN#COMPOSITION§SPS§1.0§0.09294532627865959§pdv=0.9999&pos=0.9999&pov=0.9999&dweight=0&m=20&pds=0.9999&n=20&
(HeapMemoryUsage.committed#PLAIN#JVM)/(NonHeapMemoryUsage.committed#PLAIN#JVM)#PLAIN#COMPOSITION§SPS§1.0§0.09294532627865959§pdv=0.9999&pos=0.9999&pov=0.9999&dweight=0&m=20&pds=0.9999&n=20&
(CPU I/O Wait Processes#PLAIN#CENTOS)+(CPU Idle Processes#PLAIN#CENTOS)#DIFFERENCE#COMPOSITION§SPS§1.0§0.09285642309378124§pdv=0.9999&pos=0.9999&pov=0.9999&dweight=0&m=30&pds=0.9999&n=30&
(CPU Idle Processes#DIFFERENCE#CENTOS)-(SystemCpuLoad#PLAIN#JVM)#DIFFERENCE#COMPOSITION§SPS§1.0§0.09118957524530286§pdv=0.999&pos=0.999&pov=0.999&dweight=0&m=20&pds=0.999&n=20&
(CPU Idle Processes#DIFFERENCE#CENTOS)-(SystemCpuLoad#PLAIN#JVM)#PLAIN#COMPOSITION§SPS§1.0§0.09106853917655436§pdv=0.999&pos=0.999&pov=0.999&dweight=0&m=20&pds=0.999&n=20&
(PageOut#PLAIN#CENTOS)+(Minor Page Faults#PLAIN#CENTOS)#PLAIN#COMPOSITION§SPS§1.0§0.09104020690029659§pdv=0.9999&pos=0.9999&pov=0.9999&dweight=1&m=10&pds=0.9999&n=10&
CPU Idle Processes#DIFFERENCE#CENTOS§SPS§1.0§0.0909323735992123§pdv=0.999&pos=0.999&pov=0.999&dweight=0&m=20&pds=0.999&n=20&
(PageOut#PLAIN#CENTOS)-(Minor Page Faults#PLAIN#CENTOS)#PLAIN#COMPOSITION§SPS§1.0§0.08964239182682629§pdv=0.9999&pos=0.9999&pov=0.9999&dweight=1&m=10&pds=0.9999&n=10&
CPU Soft Interrupts#PLAIN#CENTOS§HIST§1.0§0.0886276433268696§interval_width=0.5&
CPU Soft Interrupts#DIFFERENCE#CENTOS§HIST§1.0§0.0886276433268696§interval_width=0.5&
(CPU I/O Wait Processes#PLAIN#CENTOS)-(CPU Idle Processes#PLAIN#CENTOS)#DIFFERENCE#COMPOSITION§SPS§1.0§0.08862750930604392§pdv=0.999&pos=0.999&pov=0.999&dweight=0&m=20&pds=0.999&n=20&
CurrentThreadCpuTime#PLAIN#JVM§SPS§1.0§0.08717045342065606§pdv=0.9999&pos=0.9999&pov=0.9999&dweight=0&m=10&pds=0.9999&n=10&
Active Files#PLAIN#CENTOS§HIST§1.0§0.08707917891296078§interval_width=0.5&
CPU I/O Wait Processes#PLAIN#CENTOS§HIST§1.0§0.08707917891296078§interval_width=0.5&
(CurrentThreadUserTime#PLAIN#JVM)+(FreePhysicalMemorySize#PLAIN#JVM)#PLAIN#COMPOSITION§SPS§1.0§0.0865416727387333§pdv=0.9999&pos=0.9999&pov=0.9999&dweight=1&m=20&pds=0.9999&n=20&
(CPU Kernel Processes#DIFFERENCE#CENTOS)+(Activated Virtual Pages#DIFFERENCE#CENTOS)#PLAIN#COMPOSITION§SPS§1.0§0.08629445145201713§pdv=0.9999&pos=0.9999&pov=0.9999&dweight=1&m=10&pds=0.9999&n=10&
(CPU Kernel Processes#DIFFERENCE#CENTOS)+(Activated Virtual Pages#DIFFERENCE#CENTOS)#DIFFERENCE#COMPOSITION§SPS§1.0§0.08629445145201713§pdv=0.9999&pos=0.9999&pov=0.9999&dweight=1&m=10&pds=0.9999&n=10&
CPU Interrupts#PLAIN#CENTOS§HIST§1.0§0.08558405441057051§interval_width=0.5&
CPU Interrupts#DIFFERENCE#CENTOS§HIST§1.0§0.08558405441057051§interval_width=0.5&
CPU User Processes#PLAIN#CENTOS§HIST§1.0§0.08558405441057051§interval_width=0.5&
Free Virtual Pages#PLAIN#CENTOS§HIST§1.0§0.08558405441057051§interval_width=0.5&
CPU Kernel Processes#PLAIN#CENTOS§HIST§1.0§0.08558405441057051§interval_width=0.5&
CPU Idle Processes#PLAIN#CENTOS§HIST§1.0§0.08558405441057051§interval_width=0.5&
Activated Virtual Pages#PLAIN#CENTOS§HIST§1.0§0.08558405441057051§interval_width=0.5&
(CPU I/O Wait Processes#PLAIN#CENTOS)+(CPU Idle Processes#PLAIN#CENTOS)#PLAIN#COMPOSITION§HIST§1.0§0.08558405441057051§interval_width=0.5&
(CPU User Processes#DIFFERENCE#CENTOS)+(CPU Interrupts#DIFFERENCE#CENTOS)#PLAIN#COMPOSITION§SPS§1.0§0.08510449516211474§pdv=0.9999&pos=0.9999&pov=0.9999&dweight=0&m=30&pds=0.9999&n=30&
(CPU User Processes#DIFFERENCE#CENTOS)+(CPU Interrupts#DIFFERENCE#CENTOS)#DIFFERENCE#COMPOSITION§SPS§1.0§0.08510449516211474§pdv=0.9999&pos=0.9999&pov=0.9999&dweight=0&m=30&pds=0.9999&n=30&
(CPU Idle Processes#PLAIN#CENTOS)+(Minor Page Faults#PLAIN#CENTOS)#PLAIN#COMPOSITION§HIST§1.0§0.08500637710993629§interval_width=0.5&
CPU User Processes#DIFFERENCE#CENTOS§SPS§1.0§0.0848708636978331§pdv=0.9999&pos=0.9999&pov=0.9999&dweight=0&m=30&pds=0.9999&n=30&
(Buffers#PLAIN#CENTOS)/(Minor Page Faults#PLAIN#CENTOS)#PLAIN#COMPOSITION§SPS§1.0§0.08473282910972944§pdv=0.9999&pos=0.9999&pov=0.9999&dweight=1&m=10&pds=0.9999&n=10&
(Free Virtual Pages#PLAIN#CENTOS)+(Minor Page Faults#PLAIN#CENTOS)#PLAIN#COMPOSITION§HIST§1.0§0.08459921411682698§interval_width=0.5&
(CPU User Processes#DIFFERENCE#CENTOS)-(CPU Interrupts#DIFFERENCE#CENTOS)#PLAIN#COMPOSITION§SPS§1.0§0.08452797670547932§pdv=0.9999&pos=0.9999&pov=0.9999&dweight=0&m=30&pds=0.9999&n=30&
(CPU User Processes#DIFFERENCE#CENTOS)-(CPU Interrupts#DIFFERENCE#CENTOS)#DIFFERENCE#COMPOSITION§SPS§1.0§0.08452797670547932§pdv=0.9999&pos=0.9999&pov=0.9999&dweight=0&m=30&pds=0.9999&n=30&
(Buffers#PLAIN#CENTOS)+(Minor Page Faults#PLAIN#CENTOS)#PLAIN#COMPOSITION§HIST§1.0§0.08142152972205438§interval_width=0.5&
Minor Page Faults#PLAIN#CENTOS§HIST§1.0§0.08063350765743657§interval_width=0.5&
(CPU User Processes#DIFFERENCE#CENTOS)/(CPU Interrupts#DIFFERENCE#CENTOS)#DIFFERENCE#COMPOSITION§SPS§1.0§0.0800215069684246§pdv=0.999&pos=0.999&pov=0.999&dweight=1&m=40&pds=0.999&n=40&
(Cached Memory#DIFFERENCE#CENTOS)-(Activated Virtual Pages#DIFFERENCE#CENTOS)#PLAIN#COMPOSITION§SPS§1.0§0.07918844612128569§pdv=0.9999&pos=0.9999&pov=0.9999&dweight=1&m=10&pds=0.9999&n=10&
(Cached Memory#DIFFERENCE#CENTOS)-(Activated Virtual Pages#DIFFERENCE#CENTOS)#DIFFERENCE#COMPOSITION§SPS§1.0§0.07918844612128569§pdv=0.9999&pos=0.9999&pov=0.9999&dweight=1&m=10&pds=0.9999&n=10&
(PageOut#PLAIN#CENTOS)+(Minor Page Faults#PLAIN#CENTOS)#PLAIN#COMPOSITION§HIST§1.0§0.07777946533386766§interval_width=0.5&
Cached Memory#DIFFERENCE#CENTOS§SPS§1.0§0.07692970420098569§pdv=0.9999&pos=0.9999&pov=0.9999&dweight=1&m=10&pds=0.9999&n=10&
HeapMemoryUsage.used#DIFFERENCE#JVM§SPS§1.0§0.07660133904113955§pdv=0.9999&pos=0.9999&pov=0.9999&dweight=0&m=10&pds=0.9999&n=10&
(HeapMemoryUsage.used#DIFFERENCE#JVM)+(NonHeapMemoryUsage.used#DIFFERENCE#JVM)#PLAIN#COMPOSITION§SPS§1.0§0.07660133904113955§pdv=0.9999&pos=0.9999&pov=0.9999&dweight=0&m=10&pds=0.9999&n=10&
(HeapMemoryUsage.used#DIFFERENCE#JVM)-(NonHeapMemoryUsage.used#DIFFERENCE#JVM)#PLAIN#COMPOSITION§SPS§1.0§0.07660133904113955§pdv=0.9999&pos=0.9999&pov=0.9999&dweight=0&m=10&pds=0.9999&n=10&
(HeapMemoryUsage.used#DIFFERENCE#JVM)+(NonHeapMemoryUsage.used#DIFFERENCE#JVM)#DIFFERENCE#COMPOSITION§SPS§1.0§0.07660133904113955§pdv=0.9999&pos=0.9999&pov=0.9999&dweight=0&m=10&pds=0.9999&n=10&
(HeapMemoryUsage.used#DIFFERENCE#JVM)-(NonHeapMemoryUsage.used#DIFFERENCE#JVM)#DIFFERENCE#COMPOSITION§SPS§1.0§0.07660133904113955§pdv=0.9999&pos=0.9999&pov=0.9999&dweight=0&m=10&pds=0.9999&n=10&
(HeapMemoryUsage.used#DIFFERENCE#JVM)/(NonHeapMemoryUsage.used#DIFFERENCE#JVM)#DIFFERENCE#COMPOSITION§SPS§1.0§0.07660133904113955§pdv=0.9999&pos=0.9999&pov=0.9999&dweight=0&m=10&pds=0.9999&n=10&
(HeapMemoryUsage.used#PLAIN#JVM)+(NonHeapMemoryUsage.used#PLAIN#JVM)#DIFFERENCE#COMPOSITION§SPS§1.0§0.07660133904113955§pdv=0.9999&pos=0.9999&pov=0.9999&dweight=0&m=10&pds=0.9999&n=10&
(HeapMemoryUsage.used#PLAIN#JVM)-(NonHeapMemoryUsage.used#PLAIN#JVM)#DIFFERENCE#COMPOSITION§SPS§1.0§0.07660133904113955§pdv=0.9999&pos=0.9999&pov=0.9999&dweight=0&m=10&pds=0.9999&n=10&
(HeapMemoryUsage.used#PLAIN#JVM)/(NonHeapMemoryUsage.used#PLAIN#JVM)#DIFFERENCE#COMPOSITION§SPS§1.0§0.07660133904113955§pdv=0.9999&pos=0.9999&pov=0.9999&dweight=0&m=10&pds=0.9999&n=10&
(Inactive Files#DIFFERENCE#CENTOS)-(Activated Virtual Pages#DIFFERENCE#CENTOS)#PLAIN#COMPOSITION§SPS§1.0§0.07646234006039541§pdv=0.9999&pos=0.9999&pov=0.9999&dweight=0&m=10&pds=0.9999&n=10&
(Inactive Files#DIFFERENCE#CENTOS)-(Activated Virtual Pages#DIFFERENCE#CENTOS)#DIFFERENCE#COMPOSITION§SPS§1.0§0.07646234006039541§pdv=0.9999&pos=0.9999&pov=0.9999&dweight=0&m=10&pds=0.9999&n=10&
(CPU Kernel Processes#DIFFERENCE#CENTOS)-(Activated Virtual Pages#DIFFERENCE#CENTOS)#PLAIN#COMPOSITION§SPS§1.0§0.0764127307779312§pdv=0.9999&pos=0.9999&pov=0.9999&dweight=1&m=10&pds=0.9999&n=10&
(CPU Kernel Processes#DIFFERENCE#CENTOS)-(Activated Virtual Pages#DIFFERENCE#CENTOS)#DIFFERENCE#COMPOSITION§SPS§1.0§0.0764127307779312§pdv=0.9999&pos=0.9999&pov=0.9999&dweight=1&m=10&pds=0.9999&n=10&
(SystemCpuLoad#PLAIN#JVM)/(ProcessCpuLoad#PLAIN#JVM)#PLAIN#COMPOSITION§SPS§1.0§0.07333221140720038§pdv=0.99&pos=0.99&pov=0.99&dweight=0&m=20&pds=0.99&n=20&
(CurrentThreadUserTime#PLAIN#JVM)/(FreePhysicalMemorySize#PLAIN#JVM)#PLAIN#COMPOSITION§SPS§1.0§0.07302777716998474§pdv=0.9999&pos=0.9999&pov=0.9999&dweight=0&m=10&pds=0.9999&n=10&
(SystemCpuLoad#PLAIN#JVM)/(ProcessCpuLoad#PLAIN#JVM)#DIFFERENCE#COMPOSITION§SPS§1.0§0.07227401034899933§pdv=0.9999&pos=0.9999&pov=0.9999&dweight=0&m=10&pds=0.9999&n=10&
(SystemCpuLoad#DIFFERENCE#JVM)/(ProcessCpuLoad#DIFFERENCE#JVM)#DIFFERENCE#COMPOSITION§SPS§1.0§0.07227401034899933§pdv=0.9999&pos=0.9999&pov=0.9999&dweight=0&m=10&pds=0.9999&n=10&
(Cached Memory#DIFFERENCE#CENTOS)/(Activated Virtual Pages#DIFFERENCE#CENTOS)#DIFFERENCE#COMPOSITION§SPS§1.0§0.07167487608968257§pdv=0.9999&pos=0.9999&pov=0.9999&dweight=1&m=10&pds=0.9999&n=10&
CPU Interrupts#DIFFERENCE#CENTOS§SPS§1.0§0.07114919020902796§pdv=0.9999&pos=0.9999&pov=0.9999&dweight=1&m=20&pds=0.9999&n=20&
(Inactive Files#DIFFERENCE#CENTOS)+(Activated Virtual Pages#DIFFERENCE#CENTOS)#PLAIN#COMPOSITION§SPS§1.0§0.07030649507327834§pdv=0.9999&pos=0.9999&pov=0.9999&dweight=1&m=10&pds=0.9999&n=10&
(Inactive Files#DIFFERENCE#CENTOS)+(Activated Virtual Pages#DIFFERENCE#CENTOS)#DIFFERENCE#COMPOSITION§SPS§1.0§0.07030649507327834§pdv=0.9999&pos=0.9999&pov=0.9999&dweight=1&m=10&pds=0.9999&n=10&
Inactive Memory#PLAIN#CENTOS§SPS§1.0§0.07019470181234885§pdv=0.9999&pos=0.9999&pov=0.9999&dweight=1&m=20&pds=0.9999&n=20&
(PageIn#PLAIN#CENTOS)+(PageOut#PLAIN#CENTOS)#PLAIN#COMPOSITION§HIST§1.0§0.07004683432514719§interval_width=0.5&
Inactive Files#PLAIN#CENTOS§SPS§1.0§0.06987924976831067§pdv=0.9999&pos=0.9999&pov=0.9999&dweight=0&m=10&pds=0.9999&n=10&
(CPU Idle Processes#DIFFERENCE#CENTOS)/(SystemCpuLoad#PLAIN#JVM)#DIFFERENCE#COMPOSITION§SPS§1.0§0.06865906276837162§pdv=0.999&pos=0.999&pov=0.999&dweight=0&m=40&pds=0.999&n=40&
CurrentThreadCpuTime#DIFFERENCE#JVM§SPS§1.0§0.0680382147315412§pdv=0.9999&pos=0.9999&pov=0.9999&dweight=1&m=20&pds=0.9999&n=20&
(CurrentThreadUserTime#PLAIN#JVM)-(FreePhysicalMemorySize#PLAIN#JVM)#PLAIN#COMPOSITION§SPS§1.0§0.06776423363094916§pdv=0.9999&pos=0.9999&pov=0.9999&dweight=0&m=10&pds=0.9999&n=10&
PageOut#PLAIN#CENTOS§HIST§1.0§0.067567143234345§interval_width=0.5&
Tcp_Listen#PLAIN#UNIX_NETWORK§SPS§1.0§0.06734205944350871§pdv=0.9999&pos=0.9999&pov=0.9999&dweight=0&m=10&pds=0.9999&n=10&
(Tcp_Listen#PLAIN#UNIX_NETWORK)+(Major Page Faults#PLAIN#CENTOS)#PLAIN#COMPOSITION§SPS§1.0§0.06734205944350871§pdv=0.9999&pos=0.9999&pov=0.9999&dweight=0&m=10&pds=0.9999&n=10&
(Tcp_Listen#PLAIN#UNIX_NETWORK)-(Major Page Faults#PLAIN#CENTOS)#PLAIN#COMPOSITION§SPS§1.0§0.06734205944350871§pdv=0.9999&pos=0.9999&pov=0.9999&dweight=0&m=10&pds=0.9999&n=10&
(Tcp_Listen#PLAIN#UNIX_NETWORK)/(Major Page Faults#PLAIN#CENTOS)#PLAIN#COMPOSITION§SPS§1.0§0.06734205944350871§pdv=0.9999&pos=0.9999&pov=0.9999&dweight=0&m=10&pds=0.9999&n=10&
(Active Files#PLAIN#CENTOS)/(Inactive Files#PLAIN#CENTOS)#DIFFERENCE#COMPOSITION§SPS§1.0§0.06564545771497851§pdv=0.9999&pos=0.9999&pov=0.9999&dweight=0&m=10&pds=0.9999&n=10&
(Active Files#PLAIN#CENTOS)+(Inactive Files#PLAIN#CENTOS)#PLAIN#COMPOSITION§SPS§1.0§0.06477432605743581§pdv=0.9999&pos=0.9999&pov=0.9999&dweight=1&m=10&pds=0.9999&n=10&
(Cached Memory#DIFFERENCE#CENTOS)+(Activated Virtual Pages#DIFFERENCE#CENTOS)#PLAIN#COMPOSITION§SPS§1.0§0.06413296360890665§pdv=0.9999&pos=0.9999&pov=0.9999&dweight=1&m=10&pds=0.9999&n=10&
(Cached Memory#DIFFERENCE#CENTOS)+(Activated Virtual Pages#DIFFERENCE#CENTOS)#DIFFERENCE#COMPOSITION§SPS§1.0§0.06413296360890665§pdv=0.9999&pos=0.9999&pov=0.9999&dweight=1&m=10&pds=0.9999&n=10&
(Active Files#PLAIN#CENTOS)-(Inactive Files#PLAIN#CENTOS)#PLAIN#COMPOSITION§SPS§1.0§0.06203386311801531§pdv=0.9999&pos=0.9999&pov=0.9999&dweight=0&m=10&pds=0.9999&n=10&
CurrentThreadUserTime#PLAIN#JVM§SPS§1.0§0.06179685416890551§pdv=0.9999&pos=0.9999&pov=0.9999&dweight=0&m=10&pds=0.9999&n=10&
(Active Files#PLAIN#CENTOS)-(Inactive Files#PLAIN#CENTOS)#DIFFERENCE#COMPOSITION§SPS§1.0§0.06170607377574071§pdv=0.9999&pos=0.9999&pov=0.9999&dweight=1&m=10&pds=0.9999&n=10&
(CPU Idle Processes#PLAIN#CENTOS)/(Minor Page Faults#PLAIN#CENTOS)#DIFFERENCE#COMPOSITION§SPS§1.0§0.061690034938154184§pdv=0.9999&pos=0.9999&pov=0.9999&dweight=1&m=10&pds=0.9999&n=10&
(PageOut#PLAIN#CENTOS)/(Minor Page Faults#PLAIN#CENTOS)#PLAIN#COMPOSITION§SPS§1.0§0.06053448204739769§pdv=0.9999&pos=0.9999&pov=0.9999&dweight=1&m=10&pds=0.9999&n=10&
(CPU User Processes#PLAIN#CENTOS)/(FreePhysicalMemorySize#PLAIN#JVM)#PLAIN#COMPOSITION§SPS§1.0§0.059787244712687045§pdv=0.9999&pos=0.9999&pov=0.9999&dweight=1&m=10&pds=0.9999&n=10&
Tcp_Listen#DIFFERENCE#UNIX_NETWORK§SPS§1.0§0.0593900959121127§pdv=0.9999&pos=0.9999&pov=0.9999&dweight=0&m=10&pds=0.9999&n=10&
(Tcp_Listen#PLAIN#UNIX_NETWORK)+(Major Page Faults#PLAIN#CENTOS)#DIFFERENCE#COMPOSITION§SPS§1.0§0.0593900959121127§pdv=0.9999&pos=0.9999&pov=0.9999&dweight=0&m=10&pds=0.9999&n=10&
(Tcp_Listen#PLAIN#UNIX_NETWORK)-(Major Page Faults#PLAIN#CENTOS)#DIFFERENCE#COMPOSITION§SPS§1.0§0.0593900959121127§pdv=0.9999&pos=0.9999&pov=0.9999&dweight=0&m=10&pds=0.9999&n=10&
(Tcp_Listen#PLAIN#UNIX_NETWORK)/(Major Page Faults#PLAIN#CENTOS)#DIFFERENCE#COMPOSITION§SPS§1.0§0.0593900959121127§pdv=0.9999&pos=0.9999&pov=0.9999&dweight=0&m=10&pds=0.9999&n=10&
(Tcp_Listen#DIFFERENCE#UNIX_NETWORK)+(Major Page Faults#DIFFERENCE#CENTOS)#PLAIN#COMPOSITION§SPS§1.0§0.0593900959121127§pdv=0.9999&pos=0.9999&pov=0.9999&dweight=0&m=10&pds=0.9999&n=10&
(Tcp_Listen#DIFFERENCE#UNIX_NETWORK)-(Major Page Faults#DIFFERENCE#CENTOS)#PLAIN#COMPOSITION§SPS§1.0§0.0593900959121127§pdv=0.9999&pos=0.9999&pov=0.9999&dweight=0&m=10&pds=0.9999&n=10&
(Tcp_Listen#DIFFERENCE#UNIX_NETWORK)+(Major Page Faults#DIFFERENCE#CENTOS)#DIFFERENCE#COMPOSITION§SPS§1.0§0.0593900959121127§pdv=0.9999&pos=0.9999&pov=0.9999&dweight=0&m=10&pds=0.9999&n=10&
(Tcp_Listen#DIFFERENCE#UNIX_NETWORK)-(Major Page Faults#DIFFERENCE#CENTOS)#DIFFERENCE#COMPOSITION§SPS§1.0§0.0593900959121127§pdv=0.9999&pos=0.9999&pov=0.9999&dweight=0&m=10&pds=0.9999&n=10&
(Tcp_Listen#DIFFERENCE#UNIX_NETWORK)/(Major Page Faults#DIFFERENCE#CENTOS)#DIFFERENCE#COMPOSITION§SPS§1.0§0.0593900959121127§pdv=0.9999&pos=0.9999&pov=0.9999&dweight=0&m=10&pds=0.9999&n=10&
Cached Memory#PLAIN#CENTOS§SPS§1.0§0.059117846441547856§pdv=0.9999&pos=0.9999&pov=0.9999&dweight=1&m=10&pds=0.9999&n=10&
(CPU Idle Processes#PLAIN#CENTOS)-(Minor Page Faults#PLAIN#CENTOS)#DIFFERENCE#COMPOSITION§SPS§1.0§0.05746807536552028§pdv=0.9999&pos=0.9999&pov=0.9999&dweight=1&m=10&pds=0.9999&n=10&
(Active Files#PLAIN#CENTOS)/(Inactive Files#PLAIN#CENTOS)#PLAIN#COMPOSITION§SPS§1.0§0.056217144250339975§pdv=0.9999&pos=0.9999&pov=0.9999&dweight=0&m=10&pds=0.9999&n=10&
HeapMemoryUsage.used#PLAIN#JVM§SPS§1.0§0.05561167227833895§pdv=0.999&pos=0.999&pov=0.999&dweight=0&m=40&pds=0.999&n=40&
(HeapMemoryUsage.used#PLAIN#JVM)+(NonHeapMemoryUsage.used#PLAIN#JVM)#PLAIN#COMPOSITION§SPS§1.0§0.05561167227833895§pdv=0.9999&pos=0.9999&pov=0.9999&dweight=0&m=30&pds=0.9999&n=30&
(HeapMemoryUsage.used#PLAIN#JVM)-(NonHeapMemoryUsage.used#PLAIN#JVM)#PLAIN#COMPOSITION§SPS§1.0§0.054489337822671166§pdv=0.9999&pos=0.9999&pov=0.9999&dweight=0&m=30&pds=0.9999&n=30&
(HeapMemoryUsage.used#PLAIN#JVM)/(NonHeapMemoryUsage.used#PLAIN#JVM)#PLAIN#COMPOSITION§SPS§1.0§0.054489337822671166§pdv=0.999&pos=0.999&pov=0.999&dweight=0&m=40&pds=0.999&n=40&
Active Files#PLAIN#CENTOS§SPS§1.0§0.05212049732173571§pdv=0.9999&pos=0.9999&pov=0.9999&dweight=1&m=10&pds=0.9999&n=10&
(ProcessCpuTime#PLAIN#JVM)/(Minor Page Faults#PLAIN#CENTOS)#PLAIN#COMPOSITION§SPS§1.0§0.05062097612175661§pdv=0.9999&pos=0.9999&pov=0.9999&dweight=1&m=10&pds=0.9999&n=10&
ProcessCpuTime#PLAIN#JVM§SPS§1.0§0.05052480343299133§pdv=0.9999&pos=0.9999&pov=0.9999&dweight=1&m=10&pds=0.9999&n=10&
(ProcessCpuTime#PLAIN#JVM)+(Minor Page Faults#PLAIN#CENTOS)#PLAIN#COMPOSITION§SPS§1.0§0.05052480343299133§pdv=0.9999&pos=0.9999&pov=0.9999&dweight=1&m=10&pds=0.9999&n=10&
(ProcessCpuTime#PLAIN#JVM)-(Minor Page Faults#PLAIN#CENTOS)#PLAIN#COMPOSITION§SPS§1.0§0.05052480343299133§pdv=0.9999&pos=0.9999&pov=0.9999&dweight=1&m=10&pds=0.9999&n=10&
ProcessCpuLoad#PLAIN#JVM§SPS§1.0§0.049418482551229055§pdv=0.9999&pos=0.9999&pov=0.9999&dweight=1&m=10&pds=0.9999&n=10&
(CurrentThreadCpuTime#PLAIN#JVM)-(FreePhysicalMemorySize#PLAIN#JVM)#DIFFERENCE#COMPOSITION§SPS§1.0§0.04937987052431293§pdv=0.9999&pos=0.9999&pov=0.9999&dweight=1&m=10&pds=0.9999&n=10&
CPU Soft Interrupts#DIFFERENCE#CENTOS§SPS§1.0§0.049105215771882434§pdv=0.9999&pos=0.9999&pov=0.9999&dweight=0&m=10&pds=0.9999&n=10&
(CPU Kernel Processes#PLAIN#CENTOS)/(FreePhysicalMemorySize#PLAIN#JVM)#PLAIN#COMPOSITION§SPS§1.0§0.04743108893491777§pdv=0.9999&pos=0.9999&pov=0.9999&dweight=1&m=10&pds=0.9999&n=10&
(Free Virtual Pages#PLAIN#CENTOS)/(Minor Page Faults#PLAIN#CENTOS)#DIFFERENCE#COMPOSITION§SPS§1.0§0.04742419476267889§pdv=0.9999&pos=0.9999&pov=0.9999&dweight=1&m=10&pds=0.9999&n=10&
(CurrentThreadCpuTime#PLAIN#JVM)+(FreePhysicalMemorySize#PLAIN#JVM)#DIFFERENCE#COMPOSITION§SPS§1.0§0.046149057598332974§pdv=0.9999&pos=0.9999&pov=0.9999&dweight=1&m=10&pds=0.9999&n=10&
(ProcessCpuTime#PLAIN#JVM)/(Minor Page Faults#PLAIN#CENTOS)#DIFFERENCE#COMPOSITION§SPS§1.0§0.045289045960863424§pdv=0.9999&pos=0.9999&pov=0.9999&dweight=1&m=10&pds=0.9999&n=10&
ProcessCpuTime#DIFFERENCE#JVM§SPS§1.0§0.04505031858354584§pdv=0.9999&pos=0.9999&pov=0.9999&dweight=1&m=10&pds=0.9999&n=10&
(ProcessCpuTime#PLAIN#JVM)+(Minor Page Faults#PLAIN#CENTOS)#DIFFERENCE#COMPOSITION§SPS§1.0§0.04505031858354584§pdv=0.9999&pos=0.9999&pov=0.9999&dweight=1&m=10&pds=0.9999&n=10&
(ProcessCpuTime#PLAIN#JVM)-(Minor Page Faults#PLAIN#CENTOS)#DIFFERENCE#COMPOSITION§SPS§1.0§0.04505031858354584§pdv=0.9999&pos=0.9999&pov=0.9999&dweight=1&m=10&pds=0.9999&n=10&
(CurrentThreadCpuTime#PLAIN#JVM)/(FreePhysicalMemorySize#PLAIN#JVM)#DIFFERENCE#COMPOSITION§SPS§1.0§0.044977743579319995§pdv=0.9999&pos=0.9999&pov=0.9999&dweight=1&m=10&pds=0.9999&n=10&
(PageOut#PLAIN#CENTOS)/(Minor Page Faults#PLAIN#CENTOS)#DIFFERENCE#COMPOSITION§SPS§1.0§0.044507587762624326§pdv=0.9999&pos=0.9999&pov=0.9999&dweight=1&m=10&pds=0.9999&n=10&
Free Virtual Pages#DIFFERENCE#CENTOS§SPS§1.0§0.04387778392220444§pdv=0.9999&pos=0.9999&pov=0.9999&dweight=1&m=10&pds=0.9999&n=10&
(CPU Idle Processes#PLAIN#CENTOS)+(Minor Page Faults#PLAIN#CENTOS)#DIFFERENCE#COMPOSITION§SPS§1.0§0.043504751636547455§pdv=0.9999&pos=0.9999&pov=0.9999&dweight=1&m=10&pds=0.9999&n=10&
(Free Virtual Pages#PLAIN#CENTOS)-(Minor Page Faults#PLAIN#CENTOS)#DIFFERENCE#COMPOSITION§SPS§1.0§0.04231822355918117§pdv=0.9999&pos=0.9999&pov=0.9999&dweight=1&m=10&pds=0.9999&n=10&
(Buffers#PLAIN#CENTOS)-(Minor Page Faults#PLAIN#CENTOS)#DIFFERENCE#COMPOSITION§SPS§1.0§0.04100161577397933§pdv=0.9999&pos=0.9999&pov=0.9999&dweight=1&m=10&pds=0.9999&n=10&
Minor Page Faults#DIFFERENCE#CENTOS§SPS§1.0§0.03941573520259152§pdv=0.9999&pos=0.9999&pov=0.9999&dweight=1&m=10&pds=0.9999&n=10&
(NonHeapMemoryUsage.used#PLAIN#JVM)+(Minor Page Faults#PLAIN#CENTOS)#PLAIN#COMPOSITION§HIST§1.0§0.03917056266425968§interval_width=0.5&
(PageIn#DIFFERENCE#CENTOS)/(PageOut#DIFFERENCE#CENTOS)#DIFFERENCE#COMPOSITION§SPS§1.0§0.03848119438186891§pdv=0.9999&pos=0.9999&pov=0.9999&dweight=1&m=10&pds=0.9999&n=10&
(PageIn#PLAIN#CENTOS)/(PageOut#PLAIN#CENTOS)#DIFFERENCE#COMPOSITION§SPS§1.0§0.03848119438186891§pdv=0.9999&pos=0.9999&pov=0.9999&dweight=1&m=10&pds=0.9999&n=10&
PageOut#DIFFERENCE#CENTOS§SPS§1.0§0.03832687339421459§pdv=0.9999&pos=0.9999&pov=0.9999&dweight=1&m=10&pds=0.9999&n=10&
(PageIn#DIFFERENCE#CENTOS)-(PageOut#DIFFERENCE#CENTOS)#PLAIN#COMPOSITION§SPS§1.0§0.03832687339421459§pdv=0.9999&pos=0.9999&pov=0.9999&dweight=1&m=10&pds=0.9999&n=10&
(PageIn#DIFFERENCE#CENTOS)-(PageOut#DIFFERENCE#CENTOS)#DIFFERENCE#COMPOSITION§SPS§1.0§0.03832687339421459§pdv=0.9999&pos=0.9999&pov=0.9999&dweight=1&m=10&pds=0.9999&n=10&
(PageIn#PLAIN#CENTOS)-(PageOut#PLAIN#CENTOS)#DIFFERENCE#COMPOSITION§SPS§1.0§0.03832687339421459§pdv=0.9999&pos=0.9999&pov=0.9999&dweight=1&m=10&pds=0.9999&n=10&
(PageIn#DIFFERENCE#CENTOS)+(PageOut#DIFFERENCE#CENTOS)#PLAIN#COMPOSITION§SPS§1.0§0.03825977731262575§pdv=0.9999&pos=0.9999&pov=0.9999&dweight=1&m=10&pds=0.9999&n=10&
(PageIn#DIFFERENCE#CENTOS)+(PageOut#DIFFERENCE#CENTOS)#DIFFERENCE#COMPOSITION§SPS§1.0§0.03825977731262575§pdv=0.9999&pos=0.9999&pov=0.9999&dweight=1&m=10&pds=0.9999&n=10&
(PageIn#PLAIN#CENTOS)+(PageOut#PLAIN#CENTOS)#DIFFERENCE#COMPOSITION§SPS§1.0§0.03825977731262575§pdv=0.9999&pos=0.9999&pov=0.9999&dweight=1&m=10&pds=0.9999&n=10&
(Free Memory#PLAIN#CENTOS)/(FreePhysicalMemorySize#PLAIN#JVM)#PLAIN#COMPOSITION§SPS§1.0§0.038113246355682154§pdv=0.9999&pos=0.9999&pov=0.9999&dweight=1&m=10&pds=0.9999&n=10&
(Active Memory#PLAIN#CENTOS)+(Cached Memory#PLAIN#CENTOS)#PLAIN#COMPOSITION§SPS§1.0§0.037935479584946384§pdv=0.9999&pos=0.9999&pov=0.9999&dweight=1&m=10&pds=0.9999&n=10&
(Buffers#PLAIN#CENTOS)+(Minor Page Faults#PLAIN#CENTOS)#DIFFERENCE#COMPOSITION§SPS§1.0§0.03769868089209708§pdv=0.9999&pos=0.9999&pov=0.9999&dweight=1&m=10&pds=0.9999&n=10&
(NonHeapMemoryUsage.used#PLAIN#JVM)-(Minor Page Faults#PLAIN#CENTOS)#DIFFERENCE#COMPOSITION§SPS§1.0§0.03651007367635896§pdv=0.9999&pos=0.9999&pov=0.9999&dweight=0&m=10&pds=0.9999&n=10&
(NonHeapMemoryUsage.used#PLAIN#JVM)+(Minor Page Faults#PLAIN#CENTOS)#DIFFERENCE#COMPOSITION§SPS§1.0§0.036148057524869125§pdv=0.9999&pos=0.9999&pov=0.9999&dweight=0&m=10&pds=0.9999&n=10&
(CPU User Processes#PLAIN#CENTOS)/(FreePhysicalMemorySize#PLAIN#JVM)#DIFFERENCE#COMPOSITION§SPS§1.0§0.03467724974971352§pdv=0.9999&pos=0.9999&pov=0.9999&dweight=1&m=10&pds=0.9999&n=10&
(Free Virtual Pages#PLAIN#CENTOS)+(Minor Page Faults#PLAIN#CENTOS)#DIFFERENCE#COMPOSITION§SPS§1.0§0.03449858747129702§pdv=0.9999&pos=0.9999&pov=0.9999&dweight=1&m=10&pds=0.9999&n=10&
(Cached Memory#PLAIN#CENTOS)/(FreePhysicalMemorySize#PLAIN#JVM)#PLAIN#COMPOSITION§SPS§1.0§0.033685423782603§pdv=0.9999&pos=0.9999&pov=0.9999&dweight=1&m=10&pds=0.9999&n=10&
(Free Memory#PLAIN#CENTOS)/(FreePhysicalMemorySize#PLAIN#JVM)#DIFFERENCE#COMPOSITION§SPS§1.0§0.03356665983275005§pdv=0.9999&pos=0.9999&pov=0.9999&dweight=1&m=10&pds=0.9999&n=10&
ProcessCpuLoad#DIFFERENCE#JVM§SPS§1.0§0.033549038597625425§pdv=0.9999&pos=0.9999&pov=0.9999&dweight=0&m=10&pds=0.9999&n=10&
(NonHeapMemoryUsage.used#PLAIN#JVM)/(Minor Page Faults#PLAIN#CENTOS)#DIFFERENCE#COMPOSITION§SPS§1.0§0.03305109868801707§pdv=0.9999&pos=0.9999&pov=0.9999&dweight=0&m=10&pds=0.9999&n=10&
Active Memory#PLAIN#CENTOS§SPS§1.0§0.03292328952373672§pdv=0.9999&pos=0.9999&pov=0.9999&dweight=1&m=10&pds=0.9999&n=10&
(CommittedVirtualMemorySize#PLAIN#JVM)+(FreePhysicalMemorySize#PLAIN#JVM)#DIFFERENCE#COMPOSITION§SPS§1.0§0.031745790182272846§pdv=0.9999&pos=0.9999&pov=0.9999&dweight=1&m=10&pds=0.9999&n=10&
(CommittedVirtualMemorySize#DIFFERENCE#JVM)+(FreePhysicalMemorySize#DIFFERENCE#JVM)#PLAIN#COMPOSITION§SPS§1.0§0.031745790182272846§pdv=0.9999&pos=0.9999&pov=0.9999&dweight=1&m=10&pds=0.9999&n=10&
(CommittedVirtualMemorySize#DIFFERENCE#JVM)+(FreePhysicalMemorySize#DIFFERENCE#JVM)#DIFFERENCE#COMPOSITION§SPS§1.0§0.031745790182272846§pdv=0.9999&pos=0.9999&pov=0.9999&dweight=1&m=10&pds=0.9999&n=10&
(Active Memory#PLAIN#CENTOS)/(Cached Memory#PLAIN#CENTOS)#PLAIN#COMPOSITION§SPS§1.0§0.03174222079506924§pdv=0.9999&pos=0.9999&pov=0.9999&dweight=1&m=10&pds=0.9999&n=10&
Usage.used#DIFFERENCE#JVM§SPS§1.0§0.03162845385067607§pdv=0.9999&pos=0.9999&pov=0.9999&dweight=0&m=30&pds=0.9999&n=30&
PeakUsage.used#DIFFERENCE#JVM§SPS§1.0§0.03162845385067607§pdv=0.9999&pos=0.9999&pov=0.9999&dweight=0&m=30&pds=0.9999&n=30&
(Usage.used#DIFFERENCE#JVM)+(PeakUsage.used#DIFFERENCE#JVM)#PLAIN#COMPOSITION§SPS§1.0§0.03162845385067607§pdv=0.9999&pos=0.9999&pov=0.9999&dweight=0&m=30&pds=0.9999&n=30&
(Usage.used#DIFFERENCE#JVM)+(PeakUsage.used#DIFFERENCE#JVM)#DIFFERENCE#COMPOSITION§SPS§1.0§0.03162845385067607§pdv=0.9999&pos=0.9999&pov=0.9999&dweight=0&m=30&pds=0.9999&n=30&
(PeakUsage.used#PLAIN#JVM)+(Usage.used#PLAIN#JVM)#DIFFERENCE#COMPOSITION§SPS§1.0§0.03162845385067607§pdv=0.9999&pos=0.9999&pov=0.9999&dweight=0&m=30&pds=0.9999&n=30&
(Usage.used#PLAIN#JVM)+(PeakUsage.used#PLAIN#JVM)#DIFFERENCE#COMPOSITION§SPS§1.0§0.03162845385067607§pdv=0.9999&pos=0.9999&pov=0.9999&dweight=0&m=30&pds=0.9999&n=30&
(Activated Virtual Pages#DIFFERENCE#CENTOS)-(NonHeapMemoryUsage.used#DIFFERENCE#JVM)#PLAIN#COMPOSITION§SPS§1.0§0.031611454342194235§pdv=0.9999&pos=0.9999&pov=0.9999&dweight=0&m=10&pds=0.9999&n=10&
(Activated Virtual Pages#DIFFERENCE#CENTOS)-(NonHeapMemoryUsage.used#DIFFERENCE#JVM)#DIFFERENCE#COMPOSITION§SPS§1.0§0.031611454342194235§pdv=0.9999&pos=0.9999&pov=0.9999&dweight=0&m=10&pds=0.9999&n=10&
(Activated Virtual Pages#PLAIN#CENTOS)/(FreePhysicalMemorySize#PLAIN#JVM)#PLAIN#COMPOSITION§SPS§1.0§0.03150858933078762§pdv=0.9999&pos=0.9999&pov=0.9999&dweight=1&m=10&pds=0.9999&n=10&
(Activated Virtual Pages#DIFFERENCE#CENTOS)+(NonHeapMemoryUsage.used#DIFFERENCE#JVM)#PLAIN#COMPOSITION§SPS§1.0§0.03143887569898248§pdv=0.9999&pos=0.9999&pov=0.9999&dweight=0&m=10&pds=0.9999&n=10&
(Activated Virtual Pages#DIFFERENCE#CENTOS)+(NonHeapMemoryUsage.used#DIFFERENCE#JVM)#DIFFERENCE#COMPOSITION§SPS§1.0§0.03143887569898248§pdv=0.9999&pos=0.9999&pov=0.9999&dweight=0&m=10&pds=0.9999&n=10&
(CPU Kernel Processes#PLAIN#CENTOS)/(FreePhysicalMemorySize#PLAIN#JVM)#DIFFERENCE#COMPOSITION§SPS§1.0§0.03137857043654146§pdv=0.9999&pos=0.9999&pov=0.9999&dweight=1&m=10&pds=0.9999&n=10&
(Buffers#DIFFERENCE#CENTOS)/(NonHeapMemoryUsage.used#DIFFERENCE#JVM)#DIFFERENCE#COMPOSITION§SPS§1.0§0.03133635582148168§pdv=0.9999&pos=0.9999&pov=0.9999&dweight=0&m=10&pds=0.9999&n=10&
NonHeapMemoryUsage.used#DIFFERENCE#JVM§SPS§1.0§0.031107880593006447§pdv=0.9999&pos=0.9999&pov=0.9999&dweight=0&m=10&pds=0.9999&n=10&
(Buffers#DIFFERENCE#CENTOS)+(NonHeapMemoryUsage.used#DIFFERENCE#JVM)#PLAIN#COMPOSITION§SPS§1.0§0.031027713846173036§pdv=0.9999&pos=0.9999&pov=0.9999&dweight=0&m=10&pds=0.9999&n=10&
(Buffers#DIFFERENCE#CENTOS)-(NonHeapMemoryUsage.used#DIFFERENCE#JVM)#PLAIN#COMPOSITION§SPS§1.0§0.031027713846173036§pdv=0.9999&pos=0.9999&pov=0.9999&dweight=0&m=10&pds=0.9999&n=10&
(Buffers#DIFFERENCE#CENTOS)+(NonHeapMemoryUsage.used#DIFFERENCE#JVM)#DIFFERENCE#COMPOSITION§SPS§1.0§0.031027713846173036§pdv=0.9999&pos=0.9999&pov=0.9999&dweight=0&m=10&pds=0.9999&n=10&
(Buffers#DIFFERENCE#CENTOS)-(NonHeapMemoryUsage.used#DIFFERENCE#JVM)#DIFFERENCE#COMPOSITION§SPS§1.0§0.031027713846173036§pdv=0.9999&pos=0.9999&pov=0.9999&dweight=0&m=10&pds=0.9999&n=10&
(CommittedVirtualMemorySize#PLAIN#JVM)+(FreePhysicalMemorySize#PLAIN#JVM)#PLAIN#COMPOSITION§SPS§1.0§0.030982397980162§pdv=0.9999&pos=0.9999&pov=0.9999&dweight=1&m=10&pds=0.9999&n=10&
(Activated Virtual Pages#DIFFERENCE#CENTOS)/(NonHeapMemoryUsage.used#DIFFERENCE#JVM)#DIFFERENCE#COMPOSITION§SPS§1.0§0.03091169220078449§pdv=0.9999&pos=0.9999&pov=0.9999&dweight=0&m=10&pds=0.9999&n=10&
(Minor Page Faults#PLAIN#CENTOS)/(FreePhysicalMemorySize#PLAIN#JVM)#PLAIN#COMPOSITION§SPS§1.0§0.03084527982244887§pdv=0.9999&pos=0.9999&pov=0.9999&dweight=1&m=10&pds=0.9999&n=10&
(Active Memory#PLAIN#CENTOS)-(Cached Memory#PLAIN#CENTOS)#PLAIN#COMPOSITION§SPS§1.0§0.030446782351667107§pdv=0.9999&pos=0.9999&pov=0.9999&dweight=1&m=10&pds=0.9999&n=10&
(Active Memory#PLAIN#CENTOS)/(Cached Memory#PLAIN#CENTOS)#DIFFERENCE#COMPOSITION§SPS§1.0§0.030163272329557605§pdv=0.9999&pos=0.9999&pov=0.9999&dweight=1&m=10&pds=0.9999&n=10&
(Active Memory#DIFFERENCE#CENTOS)/(Cached Memory#DIFFERENCE#CENTOS)#DIFFERENCE#COMPOSITION§SPS§1.0§0.030163272329557605§pdv=0.9999&pos=0.9999&pov=0.9999&dweight=1&m=10&pds=0.9999&n=10&
(NonHeapMemoryUsage.used#PLAIN#JVM)-(Minor Page Faults#PLAIN#CENTOS)#PLAIN#COMPOSITION§HIST§1.0§0.02993094610112627§interval_width=0.5&
(CPU Interrupts#PLAIN#CENTOS)/(FreePhysicalMemorySize#PLAIN#JVM)#DIFFERENCE#COMPOSITION§SPS§1.0§0.029927613985585§pdv=0.9999&pos=0.9999&pov=0.9999&dweight=1&m=10&pds=0.9999&n=10&
(Inactive Files#PLAIN#CENTOS)/(FreePhysicalMemorySize#PLAIN#JVM)#PLAIN#COMPOSITION§SPS§1.0§0.02984101875140747§pdv=0.9999&pos=0.9999&pov=0.9999&dweight=1&m=10&pds=0.9999&n=10&
(CPU Interrupts#PLAIN#CENTOS)/(FreePhysicalMemorySize#PLAIN#JVM)#PLAIN#COMPOSITION§SPS§1.0§0.029561771249937745§pdv=0.9999&pos=0.9999&pov=0.9999&dweight=1&m=10&pds=0.9999&n=10&
(PageOut#PLAIN#CENTOS)-(Minor Page Faults#PLAIN#CENTOS)#DIFFERENCE#COMPOSITION§SPS§1.0§0.02949030116642776§pdv=0.9999&pos=0.9999&pov=0.9999&dweight=1&m=10&pds=0.9999&n=10&
Active Memory#DIFFERENCE#CENTOS§SPS§1.0§0.029387654749973593§pdv=0.9999&pos=0.9999&pov=0.9999&dweight=1&m=10&pds=0.9999&n=10&
FreePhysicalMemorySize#PLAIN#JVM§SPS§1.0§0.028662191144991286§pdv=0.9999&pos=0.9999&pov=0.9999&dweight=1&m=10&pds=0.9999&n=10&
(CPU Kernel Processes#PLAIN#CENTOS)+(FreePhysicalMemorySize#PLAIN#JVM)#PLAIN#COMPOSITION§SPS§1.0§0.028662191144991286§pdv=0.9999&pos=0.9999&pov=0.9999&dweight=1&m=10&pds=0.9999&n=10&
(Free Memory#PLAIN#CENTOS)+(FreePhysicalMemorySize#PLAIN#JVM)#PLAIN#COMPOSITION§SPS§1.0§0.028662191144991286§pdv=0.9999&pos=0.9999&pov=0.9999&dweight=1&m=10&pds=0.9999&n=10&
(CPU User Processes#PLAIN#CENTOS)+(FreePhysicalMemorySize#PLAIN#JVM)#PLAIN#COMPOSITION§SPS§1.0§0.028662191144991286§pdv=0.9999&pos=0.9999&pov=0.9999&dweight=1&m=10&pds=0.9999&n=10&
(Cached Memory#PLAIN#CENTOS)+(FreePhysicalMemorySize#PLAIN#JVM)#PLAIN#COMPOSITION§SPS§1.0§0.028662191144991286§pdv=0.9999&pos=0.9999&pov=0.9999&dweight=1&m=10&pds=0.9999&n=10&
(Activated Virtual Pages#PLAIN#CENTOS)+(FreePhysicalMemorySize#PLAIN#JVM)#PLAIN#COMPOSITION§SPS§1.0§0.028662191144991286§pdv=0.9999&pos=0.9999&pov=0.9999&dweight=1&m=10&pds=0.9999&n=10&
(Minor Page Faults#PLAIN#CENTOS)+(FreePhysicalMemorySize#PLAIN#JVM)#PLAIN#COMPOSITION§SPS§1.0§0.028662191144991286§pdv=0.9999&pos=0.9999&pov=0.9999&dweight=1&m=10&pds=0.9999&n=10&
(CPU Interrupts#PLAIN#CENTOS)+(FreePhysicalMemorySize#PLAIN#JVM)#PLAIN#COMPOSITION§SPS§1.0§0.028662191144991286§pdv=0.9999&pos=0.9999&pov=0.9999&dweight=1&m=10&pds=0.9999&n=10&
(Inactive Files#PLAIN#CENTOS)+(FreePhysicalMemorySize#PLAIN#JVM)#PLAIN#COMPOSITION§SPS§1.0§0.028662191144991286§pdv=0.9999&pos=0.9999&pov=0.9999&dweight=1&m=10&pds=0.9999&n=10&
(Inactive Memory#PLAIN#CENTOS)+(FreePhysicalMemorySize#PLAIN#JVM)#PLAIN#COMPOSITION§SPS§1.0§0.028662191144991286§pdv=0.9999&pos=0.9999&pov=0.9999&dweight=1&m=10&pds=0.9999&n=10&
Free Memory#PLAIN#CENTOS§SPS§1.0§0.028425957777522964§pdv=0.9999&pos=0.9999&pov=0.9999&dweight=1&m=10&pds=0.9999&n=10&
(CPU Kernel Processes#PLAIN#CENTOS)-(FreePhysicalMemorySize#PLAIN#JVM)#PLAIN#COMPOSITION§SPS§1.0§0.028371704579994918§pdv=0.9999&pos=0.9999&pov=0.9999&dweight=1&m=10&pds=0.9999&n=10&
(Free Memory#PLAIN#CENTOS)-(FreePhysicalMemorySize#PLAIN#JVM)#PLAIN#COMPOSITION§SPS§1.0§0.028371704579994918§pdv=0.9999&pos=0.9999&pov=0.9999&dweight=1&m=10&pds=0.9999&n=10&
(CPU User Processes#PLAIN#CENTOS)-(FreePhysicalMemorySize#PLAIN#JVM)#PLAIN#COMPOSITION§SPS§1.0§0.028371704579994918§pdv=0.9999&pos=0.9999&pov=0.9999&dweight=1&m=10&pds=0.9999&n=10&
(Cached Memory#PLAIN#CENTOS)-(FreePhysicalMemorySize#PLAIN#JVM)#PLAIN#COMPOSITION§SPS§1.0§0.028371704579994918§pdv=0.9999&pos=0.9999&pov=0.9999&dweight=1&m=10&pds=0.9999&n=10&
(Activated Virtual Pages#PLAIN#CENTOS)-(FreePhysicalMemorySize#PLAIN#JVM)#PLAIN#COMPOSITION§SPS§1.0§0.028371704579994918§pdv=0.9999&pos=0.9999&pov=0.9999&dweight=1&m=10&pds=0.9999&n=10&
(Minor Page Faults#PLAIN#CENTOS)-(FreePhysicalMemorySize#PLAIN#JVM)#PLAIN#COMPOSITION§SPS§1.0§0.028371704579994918§pdv=0.9999&pos=0.9999&pov=0.9999&dweight=1&m=10&pds=0.9999&n=10&
(CPU Interrupts#PLAIN#CENTOS)-(FreePhysicalMemorySize#PLAIN#JVM)#PLAIN#COMPOSITION§SPS§1.0§0.028371704579994918§pdv=0.9999&pos=0.9999&pov=0.9999&dweight=1&m=10&pds=0.9999&n=10&
(Inactive Files#PLAIN#CENTOS)-(FreePhysicalMemorySize#PLAIN#JVM)#PLAIN#COMPOSITION§SPS§1.0§0.028371704579994918§pdv=0.9999&pos=0.9999&pov=0.9999&dweight=1&m=10&pds=0.9999&n=10&
(Inactive Memory#PLAIN#CENTOS)-(FreePhysicalMemorySize#PLAIN#JVM)#PLAIN#COMPOSITION§SPS§1.0§0.028371704579994918§pdv=0.9999&pos=0.9999&pov=0.9999&dweight=1&m=10&pds=0.9999&n=10&
(Active Memory#PLAIN#CENTOS)-(Cached Memory#PLAIN#CENTOS)#DIFFERENCE#COMPOSITION§SPS§1.0§0.02835190182338246§pdv=0.9999&pos=0.9999&pov=0.9999&dweight=1&m=10&pds=0.9999&n=10&
(Active Memory#DIFFERENCE#CENTOS)-(Cached Memory#DIFFERENCE#CENTOS)#PLAIN#COMPOSITION§SPS§1.0§0.02835190182338246§pdv=0.9999&pos=0.9999&pov=0.9999&dweight=1&m=10&pds=0.9999&n=10&
(Active Memory#DIFFERENCE#CENTOS)-(Cached Memory#DIFFERENCE#CENTOS)#DIFFERENCE#COMPOSITION§SPS§1.0§0.02835190182338246§pdv=0.9999&pos=0.9999&pov=0.9999&dweight=1&m=10&pds=0.9999&n=10&
(Active Memory#PLAIN#CENTOS)+(Cached Memory#PLAIN#CENTOS)#DIFFERENCE#COMPOSITION§SPS§1.0§0.027930481860052165§pdv=0.9999&pos=0.9999&pov=0.9999&dweight=1&m=10&pds=0.9999&n=10&
(Active Memory#DIFFERENCE#CENTOS)+(Cached Memory#DIFFERENCE#CENTOS)#PLAIN#COMPOSITION§SPS§1.0§0.027930481860052165§pdv=0.9999&pos=0.9999&pov=0.9999&dweight=1&m=10&pds=0.9999&n=10&
(Active Memory#DIFFERENCE#CENTOS)+(Cached Memory#DIFFERENCE#CENTOS)#DIFFERENCE#COMPOSITION§SPS§1.0§0.027930481860052165§pdv=0.9999&pos=0.9999&pov=0.9999&dweight=1&m=10&pds=0.9999&n=10&
(Inactive Memory#PLAIN#CENTOS)/(FreePhysicalMemorySize#PLAIN#JVM)#PLAIN#COMPOSITION§SPS§1.0§0.02775983540087427§pdv=0.9999&pos=0.9999&pov=0.9999&dweight=1&m=10&pds=0.9999&n=10&
Free Memory#DIFFERENCE#CENTOS§SPS§1.0§0.027231355883148404§pdv=0.9999&pos=0.9999&pov=0.9999&dweight=1&m=10&pds=0.9999&n=10&
(Minor Page Faults#PLAIN#CENTOS)/(FreePhysicalMemorySize#PLAIN#JVM)#DIFFERENCE#COMPOSITION§SPS§1.0§0.026687831760295534§pdv=0.9999&pos=0.9999&pov=0.9999&dweight=1&m=10&pds=0.9999&n=10&
(Cached Memory#PLAIN#CENTOS)/(FreePhysicalMemorySize#PLAIN#JVM)#DIFFERENCE#COMPOSITION§SPS§1.0§0.026516096460159518§pdv=0.9999&pos=0.9999&pov=0.9999&dweight=1&m=10&pds=0.9999&n=10&
(PageOut#PLAIN#CENTOS)+(Minor Page Faults#PLAIN#CENTOS)#DIFFERENCE#COMPOSITION§SPS§1.0§0.02639918020034979§pdv=0.9999&pos=0.9999&pov=0.9999&dweight=1&m=10&pds=0.9999&n=10&
(Inactive Files#PLAIN#CENTOS)/(FreePhysicalMemorySize#PLAIN#JVM)#DIFFERENCE#COMPOSITION§SPS§1.0§0.02623874275285412§pdv=0.9999&pos=0.9999&pov=0.9999&dweight=1&m=10&pds=0.9999&n=10&
(Inactive Memory#PLAIN#CENTOS)/(FreePhysicalMemorySize#PLAIN#JVM)#DIFFERENCE#COMPOSITION§SPS§1.0§0.026090828997855017§pdv=0.9999&pos=0.9999&pov=0.9999&dweight=1&m=10&pds=0.9999&n=10&
(CommittedVirtualMemorySize#PLAIN#JVM)/(FreePhysicalMemorySize#PLAIN#JVM)#PLAIN#COMPOSITION§SPS§1.0§0.025279483286019235§pdv=0.9999&pos=0.9999&pov=0.9999&dweight=1&m=10&pds=0.9999&n=10&
(NonHeapMemoryUsage.used#PLAIN#JVM)-(Minor Page Faults#PLAIN#CENTOS)#PLAIN#COMPOSITION§SPS§1.0§0.025146107825846385§pdv=0.9999&pos=0.9999&pov=0.9999&dweight=0&m=10&pds=0.9999&n=10&
(Free Virtual Pages#DIFFERENCE#CENTOS)/(FreePhysicalMemorySize#DIFFERENCE#JVM)#DIFFERENCE#COMPOSITION§SPS§1.0§0.025004330076793847§pdv=0.9999&pos=0.9999&pov=0.9999&dweight=1&m=10&pds=0.9999&n=10&
(Activated Virtual Pages#PLAIN#CENTOS)/(FreePhysicalMemorySize#PLAIN#JVM)#DIFFERENCE#COMPOSITION§SPS§1.0§0.02487550560014328§pdv=0.9999&pos=0.9999&pov=0.9999&dweight=1&m=10&pds=0.9999&n=10&
FreePhysicalMemorySize#DIFFERENCE#JVM§SPS§1.0§0.024507930474537816§pdv=0.9999&pos=0.9999&pov=0.9999&dweight=1&m=10&pds=0.9999&n=10&
(CPU Kernel Processes#PLAIN#CENTOS)+(FreePhysicalMemorySize#PLAIN#JVM)#DIFFERENCE#COMPOSITION§SPS§1.0§0.024507930474537816§pdv=0.9999&pos=0.9999&pov=0.9999&dweight=1&m=10&pds=0.9999&n=10&
(CPU Kernel Processes#PLAIN#CENTOS)-(FreePhysicalMemorySize#PLAIN#JVM)#DIFFERENCE#COMPOSITION§SPS§1.0§0.024507930474537816§pdv=0.9999&pos=0.9999&pov=0.9999&dweight=1&m=10&pds=0.9999&n=10&
(Free Memory#PLAIN#CENTOS)+(FreePhysicalMemorySize#PLAIN#JVM)#DIFFERENCE#COMPOSITION§SPS§1.0§0.024507930474537816§pdv=0.9999&pos=0.9999&pov=0.9999&dweight=1&m=10&pds=0.9999&n=10&
(Free Memory#PLAIN#CENTOS)-(FreePhysicalMemorySize#PLAIN#JVM)#DIFFERENCE#COMPOSITION§SPS§1.0§0.024507930474537816§pdv=0.9999&pos=0.9999&pov=0.9999&dweight=1&m=10&pds=0.9999&n=10&
(CPU User Processes#PLAIN#CENTOS)+(FreePhysicalMemorySize#PLAIN#JVM)#DIFFERENCE#COMPOSITION§SPS§1.0§0.024507930474537816§pdv=0.9999&pos=0.9999&pov=0.9999&dweight=1&m=10&pds=0.9999&n=10&
(CPU User Processes#PLAIN#CENTOS)-(FreePhysicalMemorySize#PLAIN#JVM)#DIFFERENCE#COMPOSITION§SPS§1.0§0.024507930474537816§pdv=0.9999&pos=0.9999&pov=0.9999&dweight=1&m=10&pds=0.9999&n=10&
(Cached Memory#PLAIN#CENTOS)+(FreePhysicalMemorySize#PLAIN#JVM)#DIFFERENCE#COMPOSITION§SPS§1.0§0.024507930474537816§pdv=0.9999&pos=0.9999&pov=0.9999&dweight=1&m=10&pds=0.9999&n=10&
(Cached Memory#PLAIN#CENTOS)-(FreePhysicalMemorySize#PLAIN#JVM)#DIFFERENCE#COMPOSITION§SPS§1.0§0.024507930474537816§pdv=0.9999&pos=0.9999&pov=0.9999&dweight=1&m=10&pds=0.9999&n=10&
(Activated Virtual Pages#PLAIN#CENTOS)+(FreePhysicalMemorySize#PLAIN#JVM)#DIFFERENCE#COMPOSITION§SPS§1.0§0.024507930474537816§pdv=0.9999&pos=0.9999&pov=0.9999&dweight=1&m=10&pds=0.9999&n=10&
(Activated Virtual Pages#PLAIN#CENTOS)-(FreePhysicalMemorySize#PLAIN#JVM)#DIFFERENCE#COMPOSITION§SPS§1.0§0.024507930474537816§pdv=0.9999&pos=0.9999&pov=0.9999&dweight=1&m=10&pds=0.9999&n=10&
(Minor Page Faults#PLAIN#CENTOS)+(FreePhysicalMemorySize#PLAIN#JVM)#DIFFERENCE#COMPOSITION§SPS§1.0§0.024507930474537816§pdv=0.9999&pos=0.9999&pov=0.9999&dweight=1&m=10&pds=0.9999&n=10&
(Minor Page Faults#PLAIN#CENTOS)-(FreePhysicalMemorySize#PLAIN#JVM)#DIFFERENCE#COMPOSITION§SPS§1.0§0.024507930474537816§pdv=0.9999&pos=0.9999&pov=0.9999&dweight=1&m=10&pds=0.9999&n=10&
(CPU Interrupts#PLAIN#CENTOS)+(FreePhysicalMemorySize#PLAIN#JVM)#DIFFERENCE#COMPOSITION§SPS§1.0§0.024507930474537816§pdv=0.9999&pos=0.9999&pov=0.9999&dweight=1&m=10&pds=0.9999&n=10&
(CPU Interrupts#PLAIN#CENTOS)-(FreePhysicalMemorySize#PLAIN#JVM)#DIFFERENCE#COMPOSITION§SPS§1.0§0.024507930474537816§pdv=0.9999&pos=0.9999&pov=0.9999&dweight=1&m=10&pds=0.9999&n=10&
(Inactive Files#PLAIN#CENTOS)+(FreePhysicalMemorySize#PLAIN#JVM)#DIFFERENCE#COMPOSITION§SPS§1.0§0.024507930474537816§pdv=0.9999&pos=0.9999&pov=0.9999&dweight=1&m=10&pds=0.9999&n=10&
(Inactive Files#PLAIN#CENTOS)-(FreePhysicalMemorySize#PLAIN#JVM)#DIFFERENCE#COMPOSITION§SPS§1.0§0.024507930474537816§pdv=0.9999&pos=0.9999&pov=0.9999&dweight=1&m=10&pds=0.9999&n=10&
(Free Virtual Pages#DIFFERENCE#CENTOS)+(FreePhysicalMemorySize#DIFFERENCE#JVM)#PLAIN#COMPOSITION§SPS§1.0§0.024507930474537816§pdv=0.9999&pos=0.9999&pov=0.9999&dweight=1&m=10&pds=0.9999&n=10&
(Free Virtual Pages#DIFFERENCE#CENTOS)-(FreePhysicalMemorySize#DIFFERENCE#JVM)#PLAIN#COMPOSITION§SPS§1.0§0.024507930474537816§pdv=0.9999&pos=0.9999&pov=0.9999&dweight=1&m=10&pds=0.9999&n=10&
(Free Virtual Pages#DIFFERENCE#CENTOS)+(FreePhysicalMemorySize#DIFFERENCE#JVM)#DIFFERENCE#COMPOSITION§SPS§1.0§0.024507930474537816§pdv=0.9999&pos=0.9999&pov=0.9999&dweight=1&m=10&pds=0.9999&n=10&
(Free Virtual Pages#DIFFERENCE#CENTOS)-(FreePhysicalMemorySize#DIFFERENCE#JVM)#DIFFERENCE#COMPOSITION§SPS§1.0§0.024507930474537816§pdv=0.9999&pos=0.9999&pov=0.9999&dweight=1&m=10&pds=0.9999&n=10&
(Inactive Memory#PLAIN#CENTOS)+(FreePhysicalMemorySize#PLAIN#JVM)#DIFFERENCE#COMPOSITION§SPS§1.0§0.024507930474537816§pdv=0.9999&pos=0.9999&pov=0.9999&dweight=1&m=10&pds=0.9999&n=10&
(Inactive Memory#PLAIN#CENTOS)-(FreePhysicalMemorySize#PLAIN#JVM)#DIFFERENCE#COMPOSITION§SPS§1.0§0.024507930474537816§pdv=0.9999&pos=0.9999&pov=0.9999&dweight=1&m=10&pds=0.9999&n=10&
(NonHeapMemoryUsage.used#PLAIN#JVM)+(Minor Page Faults#PLAIN#CENTOS)#PLAIN#COMPOSITION§SPS§1.0§0.024350227420402857§pdv=0.9999&pos=0.9999&pov=0.9999&dweight=0&m=10&pds=0.9999&n=10&
PageOut#PLAIN#CENTOS§SPS§1.0§0.023956907290240623§pdv=0.9999&pos=0.9999&pov=0.9999&dweight=1&m=10&pds=0.9999&n=10&
(PageIn#PLAIN#CENTOS)+(PageOut#PLAIN#CENTOS)#PLAIN#COMPOSITION§SPS§1.0§0.023956907290240623§pdv=0.9999&pos=0.9999&pov=0.9999&dweight=1&m=10&pds=0.9999&n=10&
(PageIn#PLAIN#CENTOS)-(PageOut#PLAIN#CENTOS)#PLAIN#COMPOSITION§SPS§1.0§0.023956907290240623§pdv=0.9999&pos=0.9999&pov=0.9999&dweight=1&m=10&pds=0.9999&n=10&
(PageIn#PLAIN#CENTOS)/(PageOut#PLAIN#CENTOS)#PLAIN#COMPOSITION§SPS§1.0§0.023956907290240623§pdv=0.9999&pos=0.9999&pov=0.9999&dweight=1&m=10&pds=0.9999&n=10&
(Buffers#PLAIN#CENTOS)/(Minor Page Faults#PLAIN#CENTOS)#DIFFERENCE#COMPOSITION§SPS§1.0§0.023682336182336183§pdv=0.9999&pos=0.9999&pov=0.9999&dweight=0&m=40&pds=0.9999&n=40&
(CommittedVirtualMemorySize#PLAIN#JVM)/(FreePhysicalMemorySize#PLAIN#JVM)#DIFFERENCE#COMPOSITION§SPS§1.0§0.022984643435529105§pdv=0.9999&pos=0.9999&pov=0.9999&dweight=1&m=10&pds=0.9999&n=10&
(CommittedVirtualMemorySize#DIFFERENCE#JVM)/(FreePhysicalMemorySize#DIFFERENCE#JVM)#DIFFERENCE#COMPOSITION§SPS§1.0§0.022984643435529105§pdv=0.9999&pos=0.9999&pov=0.9999&dweight=1&m=10&pds=0.9999&n=10&
(CommittedVirtualMemorySize#PLAIN#JVM)-(FreePhysicalMemorySize#PLAIN#JVM)#PLAIN#COMPOSITION§SPS§1.0§0.02084218352708205§pdv=0.9999&pos=0.9999&pov=0.9999&dweight=1&m=10&pds=0.9999&n=10&
(CommittedVirtualMemorySize#PLAIN#JVM)-(FreePhysicalMemorySize#PLAIN#JVM)#DIFFERENCE#COMPOSITION§SPS§1.0§0.020821244106692022§pdv=0.9999&pos=0.9999&pov=0.9999&dweight=1&m=10&pds=0.9999&n=10&
(CommittedVirtualMemorySize#DIFFERENCE#JVM)-(FreePhysicalMemorySize#DIFFERENCE#JVM)#PLAIN#COMPOSITION§SPS§1.0§0.020821244106692022§pdv=0.9999&pos=0.9999&pov=0.9999&dweight=1&m=10&pds=0.9999&n=10&
(CommittedVirtualMemorySize#DIFFERENCE#JVM)-(FreePhysicalMemorySize#DIFFERENCE#JVM)#DIFFERENCE#COMPOSITION§SPS§1.0§0.020821244106692022§pdv=0.9999&pos=0.9999&pov=0.9999&dweight=1&m=10&pds=0.9999&n=10&
(CPU Idle Processes#PLAIN#CENTOS)/(Minor Page Faults#PLAIN#CENTOS)#PLAIN#COMPOSITION§SPS§1.0§0.020439093053311718§pdv=0.9999&pos=0.9999&pov=0.9999&dweight=0&m=10&pds=0.9999&n=10&
(NonHeapMemoryUsage.used#PLAIN#JVM)/(Minor Page Faults#PLAIN#CENTOS)#PLAIN#COMPOSITION§SPS§1.0§0.020167634955216653§pdv=0.9999&pos=0.9999&pov=0.9999&dweight=0&m=10&pds=0.9999&n=10&
NonHeapMemoryUsage.used#PLAIN#JVM§SPS§1.0§0.020152505446623094§pdv=0.9999&pos=0.9999&pov=0.9999&dweight=0&m=10&pds=0.9999&n=10&
(Active Files#DIFFERENCE#CENTOS)/(Activated Virtual Pages#DIFFERENCE#CENTOS)#DIFFERENCE#COMPOSITION§SPS§1.0§0.018740134964522773§pdv=0.9999&pos=0.9999&pov=0.9999&dweight=1&m=10&pds=0.9999&n=10&
CPU Soft Interrupts#PLAIN#CENTOS§SPS§1.0§0.014697236919459141§pdv=0.9999&pos=0.9999&pov=0.9999&dweight=0&m=30&pds=0.9999&n=30&
Active Files#DIFFERENCE#CENTOS§SPS§1.0§0.014464933832534978§pdv=0.9999&pos=0.9999&pov=0.9999&dweight=1&m=10&pds=0.9999&n=10&
(CPU I/O Wait Processes#PLAIN#CENTOS)/(CPU Idle Processes#PLAIN#CENTOS)#PLAIN#COMPOSITION§SPS§1.0§0.013007054673721341§pdv=0.9999&pos=0.9999&pov=0.9999&dweight=0&m=40&pds=0.9999&n=40&
CommittedVirtualMemorySize#DIFFERENCE#JVM§SPS§1.0§0.012593270926604259§pdv=0.9999&pos=0.9999&pov=0.9999&dweight=0&m=10&pds=0.9999&n=10&
(Active Files#DIFFERENCE#CENTOS)-(Activated Virtual Pages#DIFFERENCE#CENTOS)#PLAIN#COMPOSITION§SPS§1.0§0.01208132568347622§pdv=0.9999&pos=0.9999&pov=0.9999&dweight=1&m=10&pds=0.9999&n=10&
(Active Files#DIFFERENCE#CENTOS)-(Activated Virtual Pages#DIFFERENCE#CENTOS)#DIFFERENCE#COMPOSITION§SPS§1.0§0.01208132568347622§pdv=0.9999&pos=0.9999&pov=0.9999&dweight=1&m=10&pds=0.9999&n=10&
(CPU I/O Wait Processes#PLAIN#CENTOS)/(CPU Idle Processes#PLAIN#CENTOS)#DIFFERENCE#COMPOSITION§SPS§1.0§0.01142903555184257§pdv=0.9999&pos=0.9999&pov=0.9999&dweight=0&m=20&pds=0.9999&n=20&
(Net_Received#DIFFERENCE#UNIX_NETWORK)/(Tcp_Established#DIFFERENCE#UNIX_NETWORK)#DIFFERENCE#COMPOSITION§SPS§1.0§0.011363636363636362§pdv=0.99&pos=0.99&pov=0.99&dweight=0&m=20&pds=0.99&n=20&
(Net_Received#PLAIN#UNIX_NETWORK)/(Tcp_Established#PLAIN#UNIX_NETWORK)#DIFFERENCE#COMPOSITION§SPS§1.0§0.011363636363636362§pdv=0.99&pos=0.99&pov=0.99&dweight=0&m=20&pds=0.99&n=20&
CPU I/O Wait Processes#PLAIN#CENTOS§SPS§1.0§0.010849233071455293§pdv=0.9999&pos=0.9999&pov=0.9999&dweight=0&m=20&pds=0.9999&n=20&
(Net_Received#DIFFERENCE#UNIX_NETWORK)+(Tcp_Established#DIFFERENCE#UNIX_NETWORK)#PLAIN#COMPOSITION§SPS§1.0§0.010802469135802469§pdv=0.99&pos=0.99&pov=0.99&dweight=1&m=20&pds=0.99&n=20&
(Net_Received#DIFFERENCE#UNIX_NETWORK)+(Tcp_Established#DIFFERENCE#UNIX_NETWORK)#DIFFERENCE#COMPOSITION§SPS§1.0§0.010802469135802469§pdv=0.99&pos=0.99&pov=0.99&dweight=1&m=20&pds=0.99&n=20&
(Net_Received#PLAIN#UNIX_NETWORK)+(Tcp_Established#PLAIN#UNIX_NETWORK)#DIFFERENCE#COMPOSITION§SPS§1.0§0.010802469135802469§pdv=0.99&pos=0.99&pov=0.99&dweight=1&m=20&pds=0.99&n=20&
CPU I/O Wait Processes#DIFFERENCE#CENTOS§SPS§1.0§0.010501843835177169§pdv=0.999&pos=0.999&pov=0.999&dweight=0&m=40&pds=0.999&n=40&
(Net_Received#DIFFERENCE#UNIX_NETWORK)-(Tcp_Established#DIFFERENCE#UNIX_NETWORK)#PLAIN#COMPOSITION§SPS§1.0§0.010311447811447811§pdv=0.99&pos=0.99&pov=0.99&dweight=1&m=20&pds=0.99&n=20&
(Net_Received#DIFFERENCE#UNIX_NETWORK)-(Tcp_Established#DIFFERENCE#UNIX_NETWORK)#DIFFERENCE#COMPOSITION§SPS§1.0§0.010311447811447811§pdv=0.99&pos=0.99&pov=0.99&dweight=1&m=20&pds=0.99&n=20&
(Net_Received#PLAIN#UNIX_NETWORK)-(Tcp_Established#PLAIN#UNIX_NETWORK)#DIFFERENCE#COMPOSITION§SPS§1.0§0.010311447811447811§pdv=0.99&pos=0.99&pov=0.99&dweight=1&m=20&pds=0.99&n=20&
Usage.used#PLAIN#JVM§SPS§1.0§0.009920634920634922§pdv=0.9999&pos=0.9999&pov=0.9999&dweight=0&m=10&pds=0.9999&n=10&
PeakUsage.used#PLAIN#JVM§SPS§1.0§0.009920634920634922§pdv=0.9999&pos=0.9999&pov=0.9999&dweight=0&m=10&pds=0.9999&n=10&
(Net_Received#PLAIN#UNIX_NETWORK)/(Tcp_Established#PLAIN#UNIX_NETWORK)#PLAIN#COMPOSITION§SPS§1.0§0.009920634920634922§pdv=0.9999&pos=0.9999&pov=0.9999&dweight=0&m=10&pds=0.9999&n=10&
(PeakUsage.used#PLAIN#JVM)+(Usage.used#PLAIN#JVM)#PLAIN#COMPOSITION§SPS§1.0§0.009920634920634922§pdv=0.9999&pos=0.9999&pov=0.9999&dweight=0&m=10&pds=0.9999&n=10&
(Usage.used#PLAIN#JVM)+(PeakUsage.used#PLAIN#JVM)#PLAIN#COMPOSITION§SPS§1.0§0.009920634920634922§pdv=0.9999&pos=0.9999&pov=0.9999&dweight=0&m=10&pds=0.9999&n=10&
(CPU Idle Processes#DIFFERENCE#CENTOS)/(SystemCpuLoad#PLAIN#JVM)#PLAIN#COMPOSITION§SPS§1.0§0.009381921899682628§pdv=0.999&pos=0.999&pov=0.999&dweight=0&m=40&pds=0.999&n=40&
CommittedVirtualMemorySize#PLAIN#JVM§SPS§1.0§0.009259259259259259§pdv=0.9999&pos=0.9999&pov=0.9999&dweight=0&m=40&pds=0.9999&n=40&
(Net_Received#PLAIN#UNIX_NETWORK)+(Tcp_Established#PLAIN#UNIX_NETWORK)#PLAIN#COMPOSITION§SPS§1.0§0.008140008140008141§pdv=0.9999&pos=0.9999&pov=0.9999&dweight=0&m=10&pds=0.9999&n=10&
(Net_Received#PLAIN#UNIX_NETWORK)-(Tcp_Established#PLAIN#UNIX_NETWORK)#PLAIN#COMPOSITION§SPS§1.0§0.008140008140008141§pdv=0.9999&pos=0.9999&pov=0.9999&dweight=0&m=10&pds=0.9999&n=10&
CPU I/O Wait Processes#DIFFERENCE#CENTOS§HIST§1.0§0.007017930629041741§interval_width=0.5&
Activated Virtual Pages#DIFFERENCE#CENTOS§SPS§1.0§0.006891873558540225§pdv=0.9999&pos=0.9999&pov=0.9999&dweight=1&m=10&pds=0.9999&n=10&
(Tcp_TimeWait#DIFFERENCE#UNIX_NETWORK)/(SystemCpuLoad#DIFFERENCE#JVM)#DIFFERENCE#COMPOSITION§SPS§1.0§0.006716401340401634§pdv=0.9999&pos=0.9999&pov=0.9999&dweight=0&m=10&pds=0.9999&n=10&
(Tcp_TimeWait#PLAIN#UNIX_NETWORK)/(SystemCpuLoad#PLAIN#JVM)#DIFFERENCE#COMPOSITION§SPS§1.0§0.006716401340401634§pdv=0.9999&pos=0.9999&pov=0.9999&dweight=0&m=10&pds=0.9999&n=10&
(Tcp_Close#PLAIN#UNIX_NETWORK)/(Tcp_Established#PLAIN#UNIX_NETWORK)#DIFFERENCE#COMPOSITION§SPS§1.0§0.006584362139917695§pdv=0.9999&pos=0.9999&pov=0.9999&dweight=1&m=20&pds=0.9999&n=20&
(Tcp_Close#DIFFERENCE#UNIX_NETWORK)/(Tcp_Established#DIFFERENCE#UNIX_NETWORK)#DIFFERENCE#COMPOSITION§SPS§1.0§0.006584362139917695§pdv=0.9999&pos=0.9999&pov=0.9999&dweight=1&m=20&pds=0.9999&n=20&
Tcp_Established#DIFFERENCE#UNIX_NETWORK§SPS§1.0§0.006453423120089786§pdv=0.99&pos=0.99&pov=0.99&dweight=1&m=20&pds=0.99&n=20&
Net_Received#PLAIN#UNIX_NETWORK§SPS§1.0§0.005291005291005291§pdv=0.9999&pos=0.9999&pov=0.9999&dweight=0&m=10&pds=0.9999&n=10&
(Tcp_Close#PLAIN#UNIX_NETWORK)/(Tcp_Established#PLAIN#UNIX_NETWORK)#PLAIN#COMPOSITION§SPS§1.0§0.005291005291005291§pdv=0.999&pos=0.999&pov=0.999&dweight=1&m=20&pds=0.999&n=20&
(Tcp_Close#PLAIN#UNIX_NETWORK)-(Tcp_Established#PLAIN#UNIX_NETWORK)#DIFFERENCE#COMPOSITION§SPS§1.0§0.005291005291005291§pdv=0.9999&pos=0.9999&pov=0.9999&dweight=0&m=20&pds=0.9999&n=20&
(Tcp_Close#DIFFERENCE#UNIX_NETWORK)-(Tcp_Established#DIFFERENCE#UNIX_NETWORK)#PLAIN#COMPOSITION§SPS§1.0§0.005291005291005291§pdv=0.9999&pos=0.9999&pov=0.9999&dweight=0&m=20&pds=0.9999&n=20&
(Tcp_Close#DIFFERENCE#UNIX_NETWORK)-(Tcp_Established#DIFFERENCE#UNIX_NETWORK)#DIFFERENCE#COMPOSITION§SPS§1.0§0.005291005291005291§pdv=0.9999&pos=0.9999&pov=0.9999&dweight=0&m=20&pds=0.9999&n=20&
Net_Received#DIFFERENCE#UNIX_NETWORK§SPS§1.0§0.004629629629629629§pdv=0.9999&pos=0.9999&pov=0.9999&dweight=0&m=10&pds=0.9999&n=10&
Activated Virtual Pages#PLAIN#CENTOS§SPS§1.0§0.0041279669762641896§pdv=0.9999&pos=0.9999&pov=0.9999&dweight=1&m=10&pds=0.9999&n=10&
(Tcp_Close#DIFFERENCE#UNIX_NETWORK)/(Tcp_Established#DIFFERENCE#UNIX_NETWORK)#PLAIN#COMPOSITION§HIST§1.0§0.00411522633744856§interval_width=0.5&
(Tcp_Close#PLAIN#UNIX_NETWORK)-(Tcp_Established#PLAIN#UNIX_NETWORK)#PLAIN#COMPOSITION§SPS§1.0§0.00411522633744856§pdv=0.99&pos=0.99&pov=0.99&dweight=1&m=20&pds=0.99&n=20&
Tcp_TimeWait#DIFFERENCE#UNIX_NETWORK§SPS§1.0§0.003703703703703704§pdv=0.9999&pos=0.9999&pov=0.9999&dweight=0&m=10&pds=0.9999&n=10&
(Tcp_Close#PLAIN#UNIX_NETWORK)+(Tcp_Established#PLAIN#UNIX_NETWORK)#PLAIN#COMPOSITION§SPS§1.0§0.0033670033670033664§pdv=0.9999&pos=0.9999&pov=0.9999&dweight=0&m=10&pds=0.9999&n=10&
Tcp_Close#DIFFERENCE#UNIX_NETWORK§SPS§1.0§0.00308641975308642§pdv=0.9999&pos=0.9999&pov=0.9999&dweight=0&m=10&pds=0.9999&n=10&
Tcp_Established#PLAIN#UNIX_NETWORK§SPS§1.0§0.00308641975308642§pdv=0.9999&pos=0.9999&pov=0.9999&dweight=0&m=10&pds=0.9999&n=10&
(Active Files#DIFFERENCE#CENTOS)+(Activated Virtual Pages#DIFFERENCE#CENTOS)#PLAIN#COMPOSITION§SPS§1.0§0.0030348073826334697§pdv=0.9999&pos=0.9999&pov=0.9999&dweight=1&m=10&pds=0.9999&n=10&
(Active Files#DIFFERENCE#CENTOS)+(Activated Virtual Pages#DIFFERENCE#CENTOS)#DIFFERENCE#COMPOSITION§SPS§1.0§0.0030348073826334697§pdv=0.9999&pos=0.9999&pov=0.9999&dweight=1&m=10&pds=0.9999&n=10&
(Tcp_TimeWait#PLAIN#UNIX_NETWORK)/(SystemCpuLoad#PLAIN#JVM)#PLAIN#COMPOSITION§SPS§1.0§0.0028659611992945325§pdv=0.99&pos=0.99&pov=0.99&dweight=0&m=20&pds=0.99&n=20&
(Tcp_Close#PLAIN#UNIX_NETWORK)+(Tcp_Established#PLAIN#UNIX_NETWORK)#DIFFERENCE#COMPOSITION§SPS§1.0§0.0026455026455026454§pdv=0.9999&pos=0.9999&pov=0.9999&dweight=0&m=10&pds=0.9999&n=10&
(Tcp_Close#DIFFERENCE#UNIX_NETWORK)+(Tcp_Established#DIFFERENCE#UNIX_NETWORK)#PLAIN#COMPOSITION§SPS§1.0§0.0026455026455026454§pdv=0.9999&pos=0.9999&pov=0.9999&dweight=0&m=10&pds=0.9999&n=10&
(Tcp_Close#DIFFERENCE#UNIX_NETWORK)+(Tcp_Established#DIFFERENCE#UNIX_NETWORK)#DIFFERENCE#COMPOSITION§SPS§1.0§0.0026455026455026454§pdv=0.9999&pos=0.9999&pov=0.9999&dweight=0&m=10&pds=0.9999&n=10&
(CPU I/O Wait Processes#PLAIN#CENTOS)-(CPU Idle Processes#PLAIN#CENTOS)#PLAIN#COMPOSITION§SPS§1.0§8.613264427217915E-4§pdv=0.9999&pos=0.9999&pov=0.9999&dweight=0&m=10&pds=0.9999&n=10&
CPU Idle Processes#PLAIN#CENTOS§SPS§1.0§8.417508417508417E-4§pdv=0.9999&pos=0.9999&pov=0.9999&dweight=0&m=10&pds=0.9999&n=10&
(CPU I/O Wait Processes#PLAIN#CENTOS)+(CPU Idle Processes#PLAIN#CENTOS)#PLAIN#COMPOSITION§SPS§1.0§8.417508417508417E-4§pdv=0.9999&pos=0.9999&pov=0.9999&dweight=0&m=10&pds=0.9999&n=10&
NonHeapMemoryUsage.used#PLAIN#JVM§HIST§1.0§0.0§interval_width=0.5&
Tcp_Close#PLAIN#UNIX_NETWORK§HIST§1.0§0.0§interval_width=0.5&
Tcp_Close#DIFFERENCE#UNIX_NETWORK§HIST§1.0§0.0§interval_width=0.5&
PageOut#DIFFERENCE#CENTOS§HIST§1.0§0.0§interval_width=0.5&
SystemCpuLoad#PLAIN#JVM§HIST§1.0§0.0§interval_width=0.5&
SystemCpuLoad#DIFFERENCE#JVM§HIST§1.0§0.0§interval_width=0.5&
CPU User Processes#DIFFERENCE#CENTOS§HIST§1.0§0.0§interval_width=0.5&
Major Page Faults#PLAIN#CENTOS§HIST§1.0§0.0§interval_width=0.5&
Major Page Faults#DIFFERENCE#CENTOS§HIST§1.0§0.0§interval_width=0.5&
Minor Page Faults#DIFFERENCE#CENTOS§HIST§1.0§0.0§interval_width=0.5&
LoadedClassCount#DIFFERENCE#JVM§HIST§1.0§0.0§interval_width=0.5&
TotalLoadedClassCount#DIFFERENCE#JVM§HIST§1.0§0.0§interval_width=0.5&
Free Virtual Pages#DIFFERENCE#CENTOS§HIST§1.0§0.0§interval_width=0.5&
PageIn#PLAIN#CENTOS§HIST§1.0§0.0§interval_width=0.5&
PageIn#DIFFERENCE#CENTOS§HIST§1.0§0.0§interval_width=0.5&
CPU Kernel Processes#DIFFERENCE#CENTOS§HIST§1.0§0.0§interval_width=0.5&
Usage.used#PLAIN#JVM§HIST§1.0§0.0§interval_width=0.5&
Usage.used#DIFFERENCE#JVM§HIST§1.0§0.0§interval_width=0.5&
Active Files#DIFFERENCE#CENTOS§HIST§1.0§0.0§interval_width=0.5&
PeakUsage.used#PLAIN#JVM§HIST§1.0§0.0§interval_width=0.5&
PeakUsage.used#DIFFERENCE#JVM§HIST§1.0§0.0§interval_width=0.5&
HeapMemoryUsage.used#PLAIN#JVM§HIST§1.0§0.0§interval_width=0.5&
HeapMemoryUsage.used#DIFFERENCE#JVM§HIST§1.0§0.0§interval_width=0.5&
Free Memory#PLAIN#CENTOS§HIST§1.0§0.0§interval_width=0.5&
Free Memory#DIFFERENCE#CENTOS§HIST§1.0§0.0§interval_width=0.5&
Active Memory#PLAIN#CENTOS§HIST§1.0§0.0§interval_width=0.5&
Active Memory#DIFFERENCE#CENTOS§HIST§1.0§0.0§interval_width=0.5&
Inactive Memory#PLAIN#CENTOS§HIST§1.0§0.0§interval_width=0.5&
Inactive Memory#DIFFERENCE#CENTOS§HIST§1.0§0.0§interval_width=0.5&
Buffers#PLAIN#CENTOS§HIST§1.0§0.0§interval_width=0.5&
Buffers#DIFFERENCE#CENTOS§HIST§1.0§0.0§interval_width=0.5&
Inactive Files#PLAIN#CENTOS§HIST§1.0§0.0§interval_width=0.5&
Inactive Files#DIFFERENCE#CENTOS§HIST§1.0§0.0§interval_width=0.5&
CPU Idle Processes#DIFFERENCE#CENTOS§HIST§1.0§0.0§interval_width=0.5&
ProcessCpuLoad#PLAIN#JVM§HIST§1.0§0.0§interval_width=0.5&
ProcessCpuLoad#DIFFERENCE#JVM§HIST§1.0§0.0§interval_width=0.5&
Tcp_Established#PLAIN#UNIX_NETWORK§HIST§1.0§0.0§interval_width=0.5&
Tcp_Established#DIFFERENCE#UNIX_NETWORK§HIST§1.0§0.0§interval_width=0.5&
Activated Virtual Pages#DIFFERENCE#CENTOS§HIST§1.0§0.0§interval_width=0.5&
Cached Memory#PLAIN#CENTOS§HIST§1.0§0.0§interval_width=0.5&
Cached Memory#DIFFERENCE#CENTOS§HIST§1.0§0.0§interval_width=0.5&
(TotalLoadedClassCount#DIFFERENCE#JVM)+(LoadedClassCount#DIFFERENCE#JVM)#PLAIN#COMPOSITION§HIST§1.0§0.0§interval_width=0.5&
(TotalLoadedClassCount#DIFFERENCE#JVM)/(LoadedClassCount#DIFFERENCE#JVM)#PLAIN#COMPOSITION§HIST§1.0§0.0§interval_width=0.5&
(TotalLoadedClassCount#DIFFERENCE#JVM)+(LoadedClassCount#DIFFERENCE#JVM)#DIFFERENCE#COMPOSITION§HIST§1.0§0.0§interval_width=0.5&
(TotalLoadedClassCount#DIFFERENCE#JVM)/(LoadedClassCount#DIFFERENCE#JVM)#DIFFERENCE#COMPOSITION§HIST§1.0§0.0§interval_width=0.5&
(LoadedClassCount#PLAIN#JVM)-(TotalLoadedClassCount#PLAIN#JVM)#PLAIN#COMPOSITION§HIST§1.0§0.0§interval_width=0.5&
(LoadedClassCount#PLAIN#JVM)/(TotalLoadedClassCount#PLAIN#JVM)#PLAIN#COMPOSITION§HIST§1.0§0.0§interval_width=0.5&
(LoadedClassCount#PLAIN#JVM)+(TotalLoadedClassCount#PLAIN#JVM)#DIFFERENCE#COMPOSITION§HIST§1.0§0.0§interval_width=0.5&
(LoadedClassCount#PLAIN#JVM)-(TotalLoadedClassCount#PLAIN#JVM)#DIFFERENCE#COMPOSITION§HIST§1.0§0.0§interval_width=0.5&
(LoadedClassCount#PLAIN#JVM)/(TotalLoadedClassCount#PLAIN#JVM)#DIFFERENCE#COMPOSITION§HIST§1.0§0.0§interval_width=0.5&
(Tcp_TimeWait#DIFFERENCE#UNIX_NETWORK)+(SystemCpuLoad#DIFFERENCE#JVM)#PLAIN#COMPOSITION§HIST§1.0§0.0§interval_width=0.5&
(Tcp_TimeWait#DIFFERENCE#UNIX_NETWORK)+(SystemCpuLoad#DIFFERENCE#JVM)#DIFFERENCE#COMPOSITION§HIST§1.0§0.0§interval_width=0.5&
(HeapMemoryUsage.used#DIFFERENCE#JVM)+(NonHeapMemoryUsage.used#DIFFERENCE#JVM)#PLAIN#COMPOSITION§HIST§1.0§0.0§interval_width=0.5&
(HeapMemoryUsage.used#DIFFERENCE#JVM)-(NonHeapMemoryUsage.used#DIFFERENCE#JVM)#PLAIN#COMPOSITION§HIST§1.0§0.0§interval_width=0.5&
(HeapMemoryUsage.used#DIFFERENCE#JVM)+(NonHeapMemoryUsage.used#DIFFERENCE#JVM)#DIFFERENCE#COMPOSITION§HIST§1.0§0.0§interval_width=0.5&
(HeapMemoryUsage.used#DIFFERENCE#JVM)-(NonHeapMemoryUsage.used#DIFFERENCE#JVM)#DIFFERENCE#COMPOSITION§HIST§1.0§0.0§interval_width=0.5&
(Active Files#PLAIN#CENTOS)+(Inactive Files#PLAIN#CENTOS)#PLAIN#COMPOSITION§HIST§1.0§0.0§interval_width=0.5&
(Active Files#PLAIN#CENTOS)-(Inactive Files#PLAIN#CENTOS)#PLAIN#COMPOSITION§HIST§1.0§0.0§interval_width=0.5&
(Active Files#PLAIN#CENTOS)/(Inactive Files#PLAIN#CENTOS)#PLAIN#COMPOSITION§HIST§1.0§0.0§interval_width=0.5&
(Active Files#PLAIN#CENTOS)+(Inactive Files#PLAIN#CENTOS)#DIFFERENCE#COMPOSITION§HIST§1.0§0.0§interval_width=0.5&
(Active Files#PLAIN#CENTOS)-(Inactive Files#PLAIN#CENTOS)#DIFFERENCE#COMPOSITION§HIST§1.0§0.0§interval_width=0.5&
(Active Files#PLAIN#CENTOS)/(Inactive Files#PLAIN#CENTOS)#DIFFERENCE#COMPOSITION§HIST§1.0§0.0§interval_width=0.5&
(Cached Memory#DIFFERENCE#CENTOS)+(Activated Virtual Pages#DIFFERENCE#CENTOS)#PLAIN#COMPOSITION§HIST§1.0§0.0§interval_width=0.5&
(Cached Memory#DIFFERENCE#CENTOS)-(Activated Virtual Pages#DIFFERENCE#CENTOS)#PLAIN#COMPOSITION§HIST§1.0§0.0§interval_width=0.5&
(Cached Memory#DIFFERENCE#CENTOS)/(Activated Virtual Pages#DIFFERENCE#CENTOS)#PLAIN#COMPOSITION§HIST§1.0§0.0§interval_width=0.5&
(Cached Memory#DIFFERENCE#CENTOS)+(Activated Virtual Pages#DIFFERENCE#CENTOS)#DIFFERENCE#COMPOSITION§HIST§1.0§0.0§interval_width=0.5&
(Cached Memory#DIFFERENCE#CENTOS)-(Activated Virtual Pages#DIFFERENCE#CENTOS)#DIFFERENCE#COMPOSITION§HIST§1.0§0.0§interval_width=0.5&
(Cached Memory#DIFFERENCE#CENTOS)/(Activated Virtual Pages#DIFFERENCE#CENTOS)#DIFFERENCE#COMPOSITION§HIST§1.0§0.0§interval_width=0.5&
(PageOut#PLAIN#CENTOS)-(Minor Page Faults#PLAIN#CENTOS)#PLAIN#COMPOSITION§HIST§1.0§0.0§interval_width=0.5&
(PageOut#PLAIN#CENTOS)+(Minor Page Faults#PLAIN#CENTOS)#DIFFERENCE#COMPOSITION§HIST§1.0§0.0§interval_width=0.5&
(Free Virtual Pages#PLAIN#CENTOS)+(Minor Page Faults#PLAIN#CENTOS)#DIFFERENCE#COMPOSITION§HIST§1.0§0.0§interval_width=0.5&
(Usage.used#DIFFERENCE#JVM)+(PeakUsage.used#DIFFERENCE#JVM)#PLAIN#COMPOSITION§HIST§1.0§0.0§interval_width=0.5&
(Usage.used#DIFFERENCE#JVM)+(PeakUsage.used#DIFFERENCE#JVM)#DIFFERENCE#COMPOSITION§HIST§1.0§0.0§interval_width=0.5&
(Net_Received#DIFFERENCE#UNIX_NETWORK)/(Tcp_Established#DIFFERENCE#UNIX_NETWORK)#PLAIN#COMPOSITION§HIST§1.0§0.0§interval_width=0.5&
(Net_Received#DIFFERENCE#UNIX_NETWORK)/(Tcp_Established#DIFFERENCE#UNIX_NETWORK)#DIFFERENCE#COMPOSITION§HIST§1.0§0.0§interval_width=0.5&
(SystemCpuLoad#PLAIN#JVM)+(ProcessCpuLoad#PLAIN#JVM)#PLAIN#COMPOSITION§HIST§1.0§0.0§interval_width=0.5&
(SystemCpuLoad#PLAIN#JVM)-(ProcessCpuLoad#PLAIN#JVM)#PLAIN#COMPOSITION§HIST§1.0§0.0§interval_width=0.5&
(SystemCpuLoad#PLAIN#JVM)+(ProcessCpuLoad#PLAIN#JVM)#DIFFERENCE#COMPOSITION§HIST§1.0§0.0§interval_width=0.5&
(SystemCpuLoad#PLAIN#JVM)-(ProcessCpuLoad#PLAIN#JVM)#DIFFERENCE#COMPOSITION§HIST§1.0§0.0§interval_width=0.5&
(PageIn#DIFFERENCE#CENTOS)+(PageOut#DIFFERENCE#CENTOS)#PLAIN#COMPOSITION§HIST§1.0§0.0§interval_width=0.5&
(PageIn#DIFFERENCE#CENTOS)+(PageOut#DIFFERENCE#CENTOS)#DIFFERENCE#COMPOSITION§HIST§1.0§0.0§interval_width=0.5&
(CPU User Processes#DIFFERENCE#CENTOS)+(CPU Interrupts#DIFFERENCE#CENTOS)#PLAIN#COMPOSITION§HIST§1.0§0.0§interval_width=0.5&
(CPU User Processes#DIFFERENCE#CENTOS)-(CPU Interrupts#DIFFERENCE#CENTOS)#PLAIN#COMPOSITION§HIST§1.0§0.0§interval_width=0.5&
(CPU User Processes#DIFFERENCE#CENTOS)/(CPU Interrupts#DIFFERENCE#CENTOS)#PLAIN#COMPOSITION§HIST§1.0§0.0§interval_width=0.5&
(CPU User Processes#DIFFERENCE#CENTOS)+(CPU Interrupts#DIFFERENCE#CENTOS)#DIFFERENCE#COMPOSITION§HIST§1.0§0.0§interval_width=0.5&
(CPU User Processes#DIFFERENCE#CENTOS)-(CPU Interrupts#DIFFERENCE#CENTOS)#DIFFERENCE#COMPOSITION§HIST§1.0§0.0§interval_width=0.5&
(CPU User Processes#DIFFERENCE#CENTOS)/(CPU Interrupts#DIFFERENCE#CENTOS)#DIFFERENCE#COMPOSITION§HIST§1.0§0.0§interval_width=0.5&
(Active Files#DIFFERENCE#CENTOS)+(Activated Virtual Pages#DIFFERENCE#CENTOS)#PLAIN#COMPOSITION§HIST§1.0§0.0§interval_width=0.5&
(Active Files#DIFFERENCE#CENTOS)-(Activated Virtual Pages#DIFFERENCE#CENTOS)#PLAIN#COMPOSITION§HIST§1.0§0.0§interval_width=0.5&
(Active Files#DIFFERENCE#CENTOS)/(Activated Virtual Pages#DIFFERENCE#CENTOS)#PLAIN#COMPOSITION§HIST§1.0§0.0§interval_width=0.5&
(Active Files#DIFFERENCE#CENTOS)+(Activated Virtual Pages#DIFFERENCE#CENTOS)#DIFFERENCE#COMPOSITION§HIST§1.0§0.0§interval_width=0.5&
(Active Files#DIFFERENCE#CENTOS)-(Activated Virtual Pages#DIFFERENCE#CENTOS)#DIFFERENCE#COMPOSITION§HIST§1.0§0.0§interval_width=0.5&
(Active Files#DIFFERENCE#CENTOS)/(Activated Virtual Pages#DIFFERENCE#CENTOS)#DIFFERENCE#COMPOSITION§HIST§1.0§0.0§interval_width=0.5&
(Net_Received#PLAIN#UNIX_NETWORK)/(Tcp_Established#PLAIN#UNIX_NETWORK)#PLAIN#COMPOSITION§HIST§1.0§0.0§interval_width=0.5&
(Net_Received#PLAIN#UNIX_NETWORK)/(Tcp_Established#PLAIN#UNIX_NETWORK)#DIFFERENCE#COMPOSITION§HIST§1.0§0.0§interval_width=0.5&
(PeakUsage.used#PLAIN#JVM)+(Usage.used#PLAIN#JVM)#PLAIN#COMPOSITION§HIST§1.0§0.0§interval_width=0.5&
(PeakUsage.used#PLAIN#JVM)+(Usage.used#PLAIN#JVM)#DIFFERENCE#COMPOSITION§HIST§1.0§0.0§interval_width=0.5&
(CPU Idle Processes#PLAIN#CENTOS)+(Minor Page Faults#PLAIN#CENTOS)#DIFFERENCE#COMPOSITION§HIST§1.0§0.0§interval_width=0.5&
(Inactive Memory#DIFFERENCE#CENTOS)+(Activated Virtual Pages#DIFFERENCE#CENTOS)#PLAIN#COMPOSITION§HIST§1.0§0.0§interval_width=0.5&
(Inactive Memory#DIFFERENCE#CENTOS)-(Activated Virtual Pages#DIFFERENCE#CENTOS)#PLAIN#COMPOSITION§HIST§1.0§0.0§interval_width=0.5&
(Inactive Memory#DIFFERENCE#CENTOS)/(Activated Virtual Pages#DIFFERENCE#CENTOS)#PLAIN#COMPOSITION§HIST§1.0§0.0§interval_width=0.5&
(Inactive Memory#DIFFERENCE#CENTOS)+(Activated Virtual Pages#DIFFERENCE#CENTOS)#DIFFERENCE#COMPOSITION§HIST§1.0§0.0§interval_width=0.5&
(Inactive Memory#DIFFERENCE#CENTOS)-(Activated Virtual Pages#DIFFERENCE#CENTOS)#DIFFERENCE#COMPOSITION§HIST§1.0§0.0§interval_width=0.5&
(Inactive Memory#DIFFERENCE#CENTOS)/(Activated Virtual Pages#DIFFERENCE#CENTOS)#DIFFERENCE#COMPOSITION§HIST§1.0§0.0§interval_width=0.5&
(HeapMemoryUsage.used#PLAIN#JVM)+(NonHeapMemoryUsage.used#PLAIN#JVM)#PLAIN#COMPOSITION§HIST§1.0§0.0§interval_width=0.5&
(HeapMemoryUsage.used#PLAIN#JVM)-(NonHeapMemoryUsage.used#PLAIN#JVM)#PLAIN#COMPOSITION§HIST§1.0§0.0§interval_width=0.5&
(HeapMemoryUsage.used#PLAIN#JVM)+(NonHeapMemoryUsage.used#PLAIN#JVM)#DIFFERENCE#COMPOSITION§HIST§1.0§0.0§interval_width=0.5&
(HeapMemoryUsage.used#PLAIN#JVM)-(NonHeapMemoryUsage.used#PLAIN#JVM)#DIFFERENCE#COMPOSITION§HIST§1.0§0.0§interval_width=0.5&
(Usage.used#PLAIN#JVM)+(PeakUsage.used#PLAIN#JVM)#PLAIN#COMPOSITION§HIST§1.0§0.0§interval_width=0.5&
(Usage.used#PLAIN#JVM)+(PeakUsage.used#PLAIN#JVM)#DIFFERENCE#COMPOSITION§HIST§1.0§0.0§interval_width=0.5&
(Tcp_TimeWait#PLAIN#UNIX_NETWORK)+(SystemCpuLoad#PLAIN#JVM)#PLAIN#COMPOSITION§HIST§1.0§0.0§interval_width=0.5&
(Tcp_TimeWait#PLAIN#UNIX_NETWORK)+(SystemCpuLoad#PLAIN#JVM)#DIFFERENCE#COMPOSITION§HIST§1.0§0.0§interval_width=0.5&
(Active Memory#PLAIN#CENTOS)+(Cached Memory#PLAIN#CENTOS)#PLAIN#COMPOSITION§HIST§1.0§0.0§interval_width=0.5&
(Active Memory#PLAIN#CENTOS)-(Cached Memory#PLAIN#CENTOS)#PLAIN#COMPOSITION§HIST§1.0§0.0§interval_width=0.5&
(Active Memory#PLAIN#CENTOS)+(Cached Memory#PLAIN#CENTOS)#DIFFERENCE#COMPOSITION§HIST§1.0§0.0§interval_width=0.5&
(Active Memory#PLAIN#CENTOS)-(Cached Memory#PLAIN#CENTOS)#DIFFERENCE#COMPOSITION§HIST§1.0§0.0§interval_width=0.5&
(Tcp_Close#PLAIN#UNIX_NETWORK)+(Tcp_Established#PLAIN#UNIX_NETWORK)#PLAIN#COMPOSITION§HIST§1.0§0.0§interval_width=0.5&
(Tcp_Close#PLAIN#UNIX_NETWORK)-(Tcp_Established#PLAIN#UNIX_NETWORK)#PLAIN#COMPOSITION§HIST§1.0§0.0§interval_width=0.5&
(Tcp_Close#PLAIN#UNIX_NETWORK)+(Tcp_Established#PLAIN#UNIX_NETWORK)#DIFFERENCE#COMPOSITION§HIST§1.0§0.0§interval_width=0.5&
(Tcp_Close#PLAIN#UNIX_NETWORK)-(Tcp_Established#PLAIN#UNIX_NETWORK)#DIFFERENCE#COMPOSITION§HIST§1.0§0.0§interval_width=0.5&
(Buffers#PLAIN#CENTOS)+(Minor Page Faults#PLAIN#CENTOS)#DIFFERENCE#COMPOSITION§HIST§1.0§0.0§interval_width=0.5&
(Active Memory#DIFFERENCE#CENTOS)+(Cached Memory#DIFFERENCE#CENTOS)#PLAIN#COMPOSITION§HIST§1.0§0.0§interval_width=0.5&
(Active Memory#DIFFERENCE#CENTOS)-(Cached Memory#DIFFERENCE#CENTOS)#PLAIN#COMPOSITION§HIST§1.0§0.0§interval_width=0.5&
(Active Memory#DIFFERENCE#CENTOS)+(Cached Memory#DIFFERENCE#CENTOS)#DIFFERENCE#COMPOSITION§HIST§1.0§0.0§interval_width=0.5&
(Active Memory#DIFFERENCE#CENTOS)-(Cached Memory#DIFFERENCE#CENTOS)#DIFFERENCE#COMPOSITION§HIST§1.0§0.0§interval_width=0.5&
(SystemCpuLoad#DIFFERENCE#JVM)+(ProcessCpuLoad#DIFFERENCE#JVM)#PLAIN#COMPOSITION§HIST§1.0§0.0§interval_width=0.5&
(SystemCpuLoad#DIFFERENCE#JVM)-(ProcessCpuLoad#DIFFERENCE#JVM)#PLAIN#COMPOSITION§HIST§1.0§0.0§interval_width=0.5&
(SystemCpuLoad#DIFFERENCE#JVM)+(ProcessCpuLoad#DIFFERENCE#JVM)#DIFFERENCE#COMPOSITION§HIST§1.0§0.0§interval_width=0.5&
(SystemCpuLoad#DIFFERENCE#JVM)-(ProcessCpuLoad#DIFFERENCE#JVM)#DIFFERENCE#COMPOSITION§HIST§1.0§0.0§interval_width=0.5&
(LoadedClassCount#DIFFERENCE#JVM)+(TotalLoadedClassCount#DIFFERENCE#JVM)#PLAIN#COMPOSITION§HIST§1.0§0.0§interval_width=0.5&
(LoadedClassCount#DIFFERENCE#JVM)-(TotalLoadedClassCount#DIFFERENCE#JVM)#PLAIN#COMPOSITION§HIST§1.0§0.0§interval_width=0.5&
(LoadedClassCount#DIFFERENCE#JVM)/(TotalLoadedClassCount#DIFFERENCE#JVM)#PLAIN#COMPOSITION§HIST§1.0§0.0§interval_width=0.5&
(LoadedClassCount#DIFFERENCE#JVM)+(TotalLoadedClassCount#DIFFERENCE#JVM)#DIFFERENCE#COMPOSITION§HIST§1.0§0.0§interval_width=0.5&
(LoadedClassCount#DIFFERENCE#JVM)-(TotalLoadedClassCount#DIFFERENCE#JVM)#DIFFERENCE#COMPOSITION§HIST§1.0§0.0§interval_width=0.5&
(LoadedClassCount#DIFFERENCE#JVM)/(TotalLoadedClassCount#DIFFERENCE#JVM)#DIFFERENCE#COMPOSITION§HIST§1.0§0.0§interval_width=0.5&
(Inactive Files#DIFFERENCE#CENTOS)+(Activated Virtual Pages#DIFFERENCE#CENTOS)#PLAIN#COMPOSITION§HIST§1.0§0.0§interval_width=0.5&
(Inactive Files#DIFFERENCE#CENTOS)-(Activated Virtual Pages#DIFFERENCE#CENTOS)#PLAIN#COMPOSITION§HIST§1.0§0.0§interval_width=0.5&
(Inactive Files#DIFFERENCE#CENTOS)/(Activated Virtual Pages#DIFFERENCE#CENTOS)#PLAIN#COMPOSITION§HIST§1.0§0.0§interval_width=0.5&
(Inactive Files#DIFFERENCE#CENTOS)+(Activated Virtual Pages#DIFFERENCE#CENTOS)#DIFFERENCE#COMPOSITION§HIST§1.0§0.0§interval_width=0.5&
(Inactive Files#DIFFERENCE#CENTOS)-(Activated Virtual Pages#DIFFERENCE#CENTOS)#DIFFERENCE#COMPOSITION§HIST§1.0§0.0§interval_width=0.5&
(Inactive Files#DIFFERENCE#CENTOS)/(Activated Virtual Pages#DIFFERENCE#CENTOS)#DIFFERENCE#COMPOSITION§HIST§1.0§0.0§interval_width=0.5&
(CPU I/O Wait Processes#PLAIN#CENTOS)+(CPU Idle Processes#PLAIN#CENTOS)#DIFFERENCE#COMPOSITION§HIST§1.0§0.0§interval_width=0.5&
(PageIn#PLAIN#CENTOS)-(PageOut#PLAIN#CENTOS)#PLAIN#COMPOSITION§HIST§1.0§0.0§interval_width=0.5&
(PageIn#PLAIN#CENTOS)+(PageOut#PLAIN#CENTOS)#DIFFERENCE#COMPOSITION§HIST§1.0§0.0§interval_width=0.5&
(CPU Kernel Processes#DIFFERENCE#CENTOS)+(Activated Virtual Pages#DIFFERENCE#CENTOS)#PLAIN#COMPOSITION§HIST§1.0§0.0§interval_width=0.5&
(CPU Kernel Processes#DIFFERENCE#CENTOS)-(Activated Virtual Pages#DIFFERENCE#CENTOS)#PLAIN#COMPOSITION§HIST§1.0§0.0§interval_width=0.5&
(CPU Kernel Processes#DIFFERENCE#CENTOS)/(Activated Virtual Pages#DIFFERENCE#CENTOS)#PLAIN#COMPOSITION§HIST§1.0§0.0§interval_width=0.5&
(CPU Kernel Processes#DIFFERENCE#CENTOS)+(Activated Virtual Pages#DIFFERENCE#CENTOS)#DIFFERENCE#COMPOSITION§HIST§1.0§0.0§interval_width=0.5&
(CPU Kernel Processes#DIFFERENCE#CENTOS)-(Activated Virtual Pages#DIFFERENCE#CENTOS)#DIFFERENCE#COMPOSITION§HIST§1.0§0.0§interval_width=0.5&
(CPU Kernel Processes#DIFFERENCE#CENTOS)/(Activated Virtual Pages#DIFFERENCE#CENTOS)#DIFFERENCE#COMPOSITION§HIST§1.0§0.0§interval_width=0.5&
(Tcp_Close#DIFFERENCE#UNIX_NETWORK)+(Tcp_Established#DIFFERENCE#UNIX_NETWORK)#PLAIN#COMPOSITION§HIST§1.0§0.0§interval_width=0.5&
(Tcp_Close#DIFFERENCE#UNIX_NETWORK)-(Tcp_Established#DIFFERENCE#UNIX_NETWORK)#PLAIN#COMPOSITION§HIST§1.0§0.0§interval_width=0.5&
(Tcp_Close#DIFFERENCE#UNIX_NETWORK)+(Tcp_Established#DIFFERENCE#UNIX_NETWORK)#DIFFERENCE#COMPOSITION§HIST§1.0§0.0§interval_width=0.5&
(Tcp_Close#DIFFERENCE#UNIX_NETWORK)-(Tcp_Established#DIFFERENCE#UNIX_NETWORK)#DIFFERENCE#COMPOSITION§HIST§1.0§0.0§interval_width=0.5&
(CPU Idle Processes#DIFFERENCE#CENTOS)+(SystemCpuLoad#PLAIN#JVM)#PLAIN#COMPOSITION§HIST§1.0§0.0§interval_width=0.5&
(CPU Idle Processes#DIFFERENCE#CENTOS)-(SystemCpuLoad#PLAIN#JVM)#PLAIN#COMPOSITION§HIST§1.0§0.0§interval_width=0.5&
(CPU Idle Processes#DIFFERENCE#CENTOS)/(SystemCpuLoad#PLAIN#JVM)#PLAIN#COMPOSITION§HIST§1.0§0.0§interval_width=0.5&
(CPU Idle Processes#DIFFERENCE#CENTOS)+(SystemCpuLoad#PLAIN#JVM)#DIFFERENCE#COMPOSITION§HIST§1.0§0.0§interval_width=0.5&
(CPU Idle Processes#DIFFERENCE#CENTOS)-(SystemCpuLoad#PLAIN#JVM)#DIFFERENCE#COMPOSITION§HIST§1.0§0.0§interval_width=0.5&
(CPU Idle Processes#DIFFERENCE#CENTOS)/(SystemCpuLoad#PLAIN#JVM)#DIFFERENCE#COMPOSITION§HIST§1.0§0.0§interval_width=0.5&
CPU Niced Processes#PLAIN#CENTOS§SPS§1.0§0.0§pdv=0.9999&pos=0.9999&pov=0.9999&dweight=0&m=10&pds=0.9999&n=10&
Tcp_Close#PLAIN#UNIX_NETWORK§SPS§1.0§0.0§pdv=0.9999&pos=0.9999&pov=0.9999&dweight=0&m=10&pds=0.9999&n=10&
Major Page Faults#PLAIN#CENTOS§SPS§1.0§0.0§pdv=0.9999&pos=0.9999&pov=0.9999&dweight=0&m=10&pds=0.9999&n=10&
Major Page Faults#DIFFERENCE#CENTOS§SPS§1.0§0.0§pdv=0.9999&pos=0.9999&pov=0.9999&dweight=0&m=10&pds=0.9999&n=10&
LoadedClassCount#PLAIN#JVM§SPS§1.0§0.0§pdv=0.9999&pos=0.9999&pov=0.9999&dweight=0&m=10&pds=0.9999&n=10&
LoadedClassCount#DIFFERENCE#JVM§SPS§1.0§0.0§pdv=0.9999&pos=0.9999&pov=0.9999&dweight=0&m=10&pds=0.9999&n=10&
TotalLoadedClassCount#PLAIN#JVM§SPS§1.0§0.0§pdv=0.9999&pos=0.9999&pov=0.9999&dweight=0&m=10&pds=0.9999&n=10&
TotalLoadedClassCount#DIFFERENCE#JVM§SPS§1.0§0.0§pdv=0.9999&pos=0.9999&pov=0.9999&dweight=0&m=10&pds=0.9999&n=10&
PageIn#PLAIN#CENTOS§SPS§1.0§0.0§pdv=0.9999&pos=0.9999&pov=0.9999&dweight=0&m=10&pds=0.9999&n=10&
PageIn#DIFFERENCE#CENTOS§SPS§1.0§0.0§pdv=0.9999&pos=0.9999&pov=0.9999&dweight=0&m=10&pds=0.9999&n=10&
Tcp_TimeWait#PLAIN#UNIX_NETWORK§SPS§1.0§0.0§pdv=0.9999&pos=0.9999&pov=0.9999&dweight=0&m=10&pds=0.9999&n=10&
Buffers#PLAIN#CENTOS§SPS§1.0§0.0§pdv=0.9999&pos=0.9999&pov=0.9999&dweight=0&m=10&pds=0.9999&n=10&
Buffers#DIFFERENCE#CENTOS§SPS§1.0§0.0§pdv=0.9999&pos=0.9999&pov=0.9999&dweight=0&m=10&pds=0.9999&n=10&
Deactivated Virtual Pages#PLAIN#CENTOS§SPS§1.0§0.0§pdv=0.9999&pos=0.9999&pov=0.9999&dweight=0&m=10&pds=0.9999&n=10&
Deactivated Virtual Pages#DIFFERENCE#CENTOS§SPS§1.0§0.0§pdv=0.9999&pos=0.9999&pov=0.9999&dweight=0&m=10&pds=0.9999&n=10&
(TotalLoadedClassCount#DIFFERENCE#JVM)+(LoadedClassCount#DIFFERENCE#JVM)#PLAIN#COMPOSITION§SPS§1.0§0.0§pdv=0.9999&pos=0.9999&pov=0.9999&dweight=0&m=10&pds=0.9999&n=10&
(TotalLoadedClassCount#DIFFERENCE#JVM)-(LoadedClassCount#DIFFERENCE#JVM)#PLAIN#COMPOSITION§SPS§1.0§0.0§pdv=0.9999&pos=0.9999&pov=0.9999&dweight=0&m=10&pds=0.9999&n=10&
(TotalLoadedClassCount#DIFFERENCE#JVM)+(LoadedClassCount#DIFFERENCE#JVM)#DIFFERENCE#COMPOSITION§SPS§1.0§0.0§pdv=0.9999&pos=0.9999&pov=0.9999&dweight=0&m=10&pds=0.9999&n=10&
(TotalLoadedClassCount#DIFFERENCE#JVM)-(LoadedClassCount#DIFFERENCE#JVM)#DIFFERENCE#COMPOSITION§SPS§1.0§0.0§pdv=0.9999&pos=0.9999&pov=0.9999&dweight=0&m=10&pds=0.9999&n=10&
(TotalLoadedClassCount#DIFFERENCE#JVM)/(LoadedClassCount#DIFFERENCE#JVM)#DIFFERENCE#COMPOSITION§SPS§1.0§0.0§pdv=0.9999&pos=0.9999&pov=0.9999&dweight=0&m=10&pds=0.9999&n=10&
(LoadedClassCount#PLAIN#JVM)+(TotalLoadedClassCount#PLAIN#JVM)#PLAIN#COMPOSITION§SPS§1.0§0.0§pdv=0.9999&pos=0.9999&pov=0.9999&dweight=0&m=10&pds=0.9999&n=10&
(LoadedClassCount#PLAIN#JVM)-(TotalLoadedClassCount#PLAIN#JVM)#PLAIN#COMPOSITION§SPS§1.0§0.0§pdv=0.9999&pos=0.9999&pov=0.9999&dweight=0&m=10&pds=0.9999&n=10&
(LoadedClassCount#PLAIN#JVM)/(TotalLoadedClassCount#PLAIN#JVM)#PLAIN#COMPOSITION§SPS§1.0§0.0§pdv=0.9999&pos=0.9999&pov=0.9999&dweight=0&m=10&pds=0.9999&n=10&
(LoadedClassCount#PLAIN#JVM)+(TotalLoadedClassCount#PLAIN#JVM)#DIFFERENCE#COMPOSITION§SPS§1.0§0.0§pdv=0.9999&pos=0.9999&pov=0.9999&dweight=0&m=10&pds=0.9999&n=10&
(LoadedClassCount#PLAIN#JVM)-(TotalLoadedClassCount#PLAIN#JVM)#DIFFERENCE#COMPOSITION§SPS§1.0§0.0§pdv=0.9999&pos=0.9999&pov=0.9999&dweight=0&m=10&pds=0.9999&n=10&
(LoadedClassCount#PLAIN#JVM)/(TotalLoadedClassCount#PLAIN#JVM)#DIFFERENCE#COMPOSITION§SPS§1.0§0.0§pdv=0.9999&pos=0.9999&pov=0.9999&dweight=0&m=10&pds=0.9999&n=10&
(LoadedClassCount#DIFFERENCE#JVM)+(TotalLoadedClassCount#DIFFERENCE#JVM)#PLAIN#COMPOSITION§SPS§1.0§0.0§pdv=0.9999&pos=0.9999&pov=0.9999&dweight=0&m=10&pds=0.9999&n=10&
(LoadedClassCount#DIFFERENCE#JVM)-(TotalLoadedClassCount#DIFFERENCE#JVM)#PLAIN#COMPOSITION§SPS§1.0§0.0§pdv=0.9999&pos=0.9999&pov=0.9999&dweight=0&m=10&pds=0.9999&n=10&
(LoadedClassCount#DIFFERENCE#JVM)+(TotalLoadedClassCount#DIFFERENCE#JVM)#DIFFERENCE#COMPOSITION§SPS§1.0§0.0§pdv=0.9999&pos=0.9999&pov=0.9999&dweight=0&m=10&pds=0.9999&n=10&
(LoadedClassCount#DIFFERENCE#JVM)-(TotalLoadedClassCount#DIFFERENCE#JVM)#DIFFERENCE#COMPOSITION§SPS§1.0§0.0§pdv=0.9999&pos=0.9999&pov=0.9999&dweight=0&m=10&pds=0.9999&n=10&
(LoadedClassCount#DIFFERENCE#JVM)/(TotalLoadedClassCount#DIFFERENCE#JVM)#DIFFERENCE#COMPOSITION§SPS§1.0§0.0§pdv=0.9999&pos=0.9999&pov=0.9999&dweight=0&m=10&pds=0.9999&n=10&
